> Task :app:preBuild UP-TO-DATE
> Task :app:preDebugBuild UP-TO-DATE
> Task :app:mergeDebugNativeDebugMetadata NO-SOURCE
> Task :app:dataBindingMergeDependencyArtifactsDebug
> Task :app:generateDebugResValues
> Task :app:generateDebugResources
> Task :app:packageDebugResources
> Task :app:processDebugNavigationResources
> Task :app:javaPreCompileDebug
> Task :app:parseDebugLocalResources
> Task :app:compileDebugNavigationResources
> Task :app:checkDebugAarMetadata
> Task :app:mapDebugSourceSetPaths
> Task :app:createDebugCompatibleScreenManifests
> Task :app:extractDeepLinksDebug
> Task :app:processDebugMainManifest
> Task :app:processDebugManifest
> Task :app:mergeDebugShaders
> Task :app:compileDebugShaders NO-SOURCE
> Task :app:generateDebugAssets UP-TO-DATE
> Task :app:mergeDebugAssets
> Task :app:compressDebugAssets
> Task :app:processDebugJavaRes NO-SOURCE
> Task :app:mergeDebugResources
> Task :app:dataBindingGenBaseClassesDebug
> Task :app:desugarDebugFileDependencies
> Task :app:checkDebugDuplicateClasses
> Task :app:configureCMakeDebug[arm64-v8a]
> Task :app:mergeLibDexDebug
> Task :app:mergeDebugJavaResource
> Task :app:mergeExtDexDebug

> Task :app:buildCMakeDebug[arm64-v8a] FAILED
C/C++: ninja: Entering directory `/Volumes/Realtek/project/android/project/launch/app/.cxx/Debug/3g135d5g/arm64-v8a'
C/C++: /Users/xiaofengfeng/Library/Android/sdk/ndk/27.0.12077973/toolchains/llvm/prebuilt/darwin-x86_64/bin/clang++ --target=aarch64-none-linux-android28 --sysroot=/Users/xiaofengfeng/Library/Android/sdk/ndk/27.0.12077973/toolchains/llvm/prebuilt/darwin-x86_64/sysroot -Dlaunch_EXPORTS -I/Volumes/Realtek/project/android/project/launch/app/src/main/cpp -I/Volumes/Realtek/project/android/project/launch/app/src/main/cpp/detector -I/Volumes/Realtek/project/android/project/launch/app/src/main/cpp/syscall -g -DANDROID -fdata-sections -ffunction-sections -funwind-tables -fstack-protector-strong -no-canonical-prefixes -D_FORTIFY_SOURCE=2 -Wformat -Werror=format-security  -std=c++17 -O2 -fno-limit-debug-info  -fPIC -Wall -Wextra -fvisibility=hidden -fstack-protector-strong -MD -MT CMakeFiles/launch.dir/native-lib.cpp.o -MF CMakeFiles/launch.dir/native-lib.cpp.o.d -o CMakeFiles/launch.dir/native-lib.cpp.o -c /Volumes/Realtek/project/android/project/launch/app/src/main/cpp/native-lib.cpp
C/C++: /Volumes/Realtek/project/android/project/launch/app/src/main/cpp/native-lib.cpp:61:72: warning: unused parameter 'env' [-Wunused-parameter]
C/C++:    61 | Java_com_xff_launch_detector_NativeDetector_checkSuFilesNative(JNIEnv *env, jobject thiz) {
C/C++:       |                                                                        ^
C/C++: /Volumes/Realtek/project/android/project/launch/app/src/main/cpp/native-lib.cpp:61:85: warning: unused parameter 'thiz' [-Wunused-parameter]
C/C++:    61 | Java_com_xff_launch_detector_NativeDetector_checkSuFilesNative(JNIEnv *env, jobject thiz) {
C/C++:       |                                                                                     ^
C/C++: /Volumes/Realtek/project/android/project/launch/app/src/main/cpp/native-lib.cpp:66:73: warning: unused parameter 'env' [-Wunused-parameter]
C/C++:    66 | Java_com_xff_launch_detector_NativeDetector_checkSuFilesSyscall(JNIEnv *env, jobject thiz) {
C/C++:       |                                                                         ^
C/C++: /Volumes/Realtek/project/android/project/launch/app/src/main/cpp/native-lib.cpp:66:86: warning: unused parameter 'thiz' [-Wunused-parameter]
C/C++:    66 | Java_com_xff_launch_detector_NativeDetector_checkSuFilesSyscall(JNIEnv *env, jobject thiz) {
C/C++:       |                                                                                      ^
C/C++: /Volumes/Realtek/project/android/project/launch/app/src/main/cpp/native-lib.cpp:71:71: warning: unused parameter 'env' [-Wunused-parameter]
C/C++:    71 | Java_com_xff_launch_detector_NativeDetector_checkMagiskNative(JNIEnv *env, jobject thiz) {
C/C++:       |                                                                       ^
C/C++: /Volumes/Realtek/project/android/project/launch/app/src/main/cpp/native-lib.cpp:71:84: warning: unused parameter 'thiz' [-Wunused-parameter]
C/C++:    71 | Java_com_xff_launch_detector_NativeDetector_checkMagiskNative(JNIEnv *env, jobject thiz) {
C/C++:       |                                                                                    ^
C/C++: /Volumes/Realtek/project/android/project/launch/app/src/main/cpp/native-lib.cpp:76:72: warning: unused parameter 'env' [-Wunused-parameter]
C/C++:    76 | Java_com_xff_launch_detector_NativeDetector_checkMagiskSyscall(JNIEnv *env, jobject thiz) {
C/C++:       |                                                                        ^
C/C++: /Volumes/Realtek/project/android/project/launch/app/src/main/cpp/native-lib.cpp:76:85: warning: unused parameter 'thiz' [-Wunused-parameter]
C/C++:    76 | Java_com_xff_launch_detector_NativeDetector_checkMagiskSyscall(JNIEnv *env, jobject thiz) {
C/C++:       |                                                                                     ^
C/C++: /Volumes/Realtek/project/android/project/launch/app/src/main/cpp/native-lib.cpp:81:73: warning: unused parameter 'env' [-Wunused-parameter]
C/C++:    81 | Java_com_xff_launch_detector_NativeDetector_checkKernelSUNative(JNIEnv *env, jobject thiz) {
C/C++:       |                                                                         ^
C/C++: /Volumes/Realtek/project/android/project/launch/app/src/main/cpp/native-lib.cpp:81:86: warning: unused parameter 'thiz' [-Wunused-parameter]
C/C++:    81 | Java_com_xff_launch_detector_NativeDetector_checkKernelSUNative(JNIEnv *env, jobject thiz) {
C/C++:       |                                                                                      ^
C/C++: /Volumes/Realtek/project/android/project/launch/app/src/main/cpp/native-lib.cpp:86:74: warning: unused parameter 'env' [-Wunused-parameter]
C/C++:    86 | Java_com_xff_launch_detector_NativeDetector_checkKernelSUSyscall(JNIEnv *env, jobject thiz) {
C/C++:       |                                                                          ^
C/C++: /Volumes/Realtek/project/android/project/launch/app/src/main/cpp/native-lib.cpp:86:87: warning: unused parameter 'thiz' [-Wunused-parameter]
C/C++:    86 | Java_com_xff_launch_detector_NativeDetector_checkKernelSUSyscall(JNIEnv *env, jobject thiz) {
C/C++:       |                                                                                       ^
C/C++: /Volumes/Realtek/project/android/project/launch/app/src/main/cpp/native-lib.cpp:91:71: warning: unused parameter 'env' [-Wunused-parameter]
C/C++:    91 | Java_com_xff_launch_detector_NativeDetector_checkAPatchNative(JNIEnv *env, jobject thiz) {
C/C++:       |                                                                       ^
C/C++: /Volumes/Realtek/project/android/project/launch/app/src/main/cpp/native-lib.cpp:91:84: warning: unused parameter 'thiz' [-Wunused-parameter]
C/C++:    91 | Java_com_xff_launch_detector_NativeDetector_checkAPatchNative(JNIEnv *env, jobject thiz) {
C/C++:       |                                                                                    ^
C/C++: /Volumes/Realtek/project/android/project/launch/app/src/main/cpp/native-lib.cpp:96:72: warning: unused parameter 'env' [-Wunused-parameter]
C/C++:    96 | Java_com_xff_launch_detector_NativeDetector_checkAPatchSyscall(JNIEnv *env, jobject thiz) {
C/C++:       |                                                                        ^
C/C++: /Volumes/Realtek/project/android/project/launch/app/src/main/cpp/native-lib.cpp:96:85: warning: unused parameter 'thiz' [-Wunused-parameter]
C/C++:    96 | Java_com_xff_launch_detector_NativeDetector_checkAPatchSyscall(JNIEnv *env, jobject thiz) {
C/C++:       |                                                                                     ^
C/C++: /Volumes/Realtek/project/android/project/launch/app/src/main/cpp/native-lib.cpp:101:71: warning: unused parameter 'env' [-Wunused-parameter]
C/C++:   101 | Java_com_xff_launch_detector_NativeDetector_checkSukiSUNative(JNIEnv *env, jobject thiz) {
C/C++:       |                                                                       ^
C/C++: /Volumes/Realtek/project/android/project/launch/app/src/main/cpp/native-lib.cpp:101:84: warning: unused parameter 'thiz' [-Wunused-parameter]
C/C++:   101 | Java_com_xff_launch_detector_NativeDetector_checkSukiSUNative(JNIEnv *env, jobject thiz) {
C/C++:       |                                                                                    ^
C/C++: /Volumes/Realtek/project/android/project/launch/app/src/main/cpp/native-lib.cpp:106:72: warning: unused parameter 'env' [-Wunused-parameter]
C/C++:   106 | Java_com_xff_launch_detector_NativeDetector_checkSukiSUSyscall(JNIEnv *env, jobject thiz) {
C/C++:       |                                                                        ^
C/C++: /Volumes/Realtek/project/android/project/launch/app/src/main/cpp/native-lib.cpp:106:85: warning: unused parameter 'thiz' [-Wunused-parameter]
C/C++:   106 | Java_com_xff_launch_detector_NativeDetector_checkSukiSUSyscall(JNIEnv *env, jobject thiz) {
C/C++:       |                                                                                     ^
C/C++: /Volumes/Realtek/project/android/project/launch/app/src/main/cpp/native-lib.cpp:111:75: warning: unused parameter 'env' [-Wunused-parameter]
C/C++:   111 | Java_com_xff_launch_detector_NativeDetector_checkRootHidingNative(JNIEnv *env, jobject thiz) {
C/C++:       |                                                                           ^
C/C++: /Volumes/Realtek/project/android/project/launch/app/src/main/cpp/native-lib.cpp:111:88: warning: unused parameter 'thiz' [-Wunused-parameter]
C/C++:   111 | Java_com_xff_launch_detector_NativeDetector_checkRootHidingNative(JNIEnv *env, jobject thiz) {
C/C++:       |                                                                                        ^
C/C++: /Volumes/Realtek/project/android/project/launch/app/src/main/cpp/native-lib.cpp:116:76: warning: unused parameter 'env' [-Wunused-parameter]
C/C++:   116 | Java_com_xff_launch_detector_NativeDetector_checkRootHidingSyscall(JNIEnv *env, jobject thiz) {
C/C++:       |                                                                            ^
C/C++: /Volumes/Realtek/project/android/project/launch/app/src/main/cpp/native-lib.cpp:116:89: warning: unused parameter 'thiz' [-Wunused-parameter]
C/C++:   116 | Java_com_xff_launch_detector_NativeDetector_checkRootHidingSyscall(JNIEnv *env, jobject thiz) {
C/C++:       |                                                                                         ^
C/C++: /Volumes/Realtek/project/android/project/launch/app/src/main/cpp/native-lib.cpp:121:81: warning: unused parameter 'env' [-Wunused-parameter]
C/C++:   121 | Java_com_xff_launch_detector_NativeDetector_checkSuspiciousMountsNative(JNIEnv *env, jobject thiz) {
C/C++:       |                                                                                 ^
C/C++: /Volumes/Realtek/project/android/project/launch/app/src/main/cpp/native-lib.cpp:121:94: warning: unused parameter 'thiz' [-Wunused-parameter]
C/C++:   121 | Java_com_xff_launch_detector_NativeDetector_checkSuspiciousMountsNative(JNIEnv *env, jobject thiz) {
C/C++:       |                                                                                              ^
C/C++: /Volumes/Realtek/project/android/project/launch/app/src/main/cpp/native-lib.cpp:126:82: warning: unused parameter 'env' [-Wunused-parameter]
C/C++:   126 | Java_com_xff_launch_detector_NativeDetector_checkSuspiciousMountsSyscall(JNIEnv *env, jobject thiz) {
C/C++:       |                                                                                  ^
C/C++: /Volumes/Realtek/project/android/project/launch/app/src/main/cpp/native-lib.cpp:126:95: warning: unused parameter 'thiz' [-Wunused-parameter]
C/C++:   126 | Java_com_xff_launch_detector_NativeDetector_checkSuspiciousMountsSyscall(JNIEnv *env, jobject thiz) {
C/C++:       |                                                                                               ^
C/C++: /Volumes/Realtek/project/android/project/launch/app/src/main/cpp/native-lib.cpp:131:74: warning: unused parameter 'env' [-Wunused-parameter]
C/C++:   131 | Java_com_xff_launch_detector_NativeDetector_checkMountInfoNative(JNIEnv *env, jobject thiz) {
C/C++:       |                                                                          ^
C/C++: /Volumes/Realtek/project/android/project/launch/app/src/main/cpp/native-lib.cpp:131:87: warning: unused parameter 'thiz' [-Wunused-parameter]
C/C++:   131 | Java_com_xff_launch_detector_NativeDetector_checkMountInfoNative(JNIEnv *env, jobject thiz) {
C/C++:       |                                                                                       ^
C/C++: /Volumes/Realtek/project/android/project/launch/app/src/main/cpp/native-lib.cpp:136:75: warning: unused parameter 'env' [-Wunused-parameter]
C/C++:   136 | Java_com_xff_launch_detector_NativeDetector_checkMountInfoSyscall(JNIEnv *env, jobject thiz) {
C/C++:       |                                                                           ^
C/C++: /Volumes/Realtek/project/android/project/launch/app/src/main/cpp/native-lib.cpp:136:88: warning: unused parameter 'thiz' [-Wunused-parameter]
C/C++:   136 | Java_com_xff_launch_detector_NativeDetector_checkMountInfoSyscall(JNIEnv *env, jobject thiz) {
C/C++:       |                                                                                        ^
C/C++: /Volumes/Realtek/project/android/project/launch/app/src/main/cpp/native-lib.cpp:143:71: warning: unused parameter 'env' [-Wunused-parameter]
C/C++:   143 | Java_com_xff_launch_detector_NativeDetector_checkXposedNative(JNIEnv *env, jobject thiz) {
C/C++:       |                                                                       ^
C/C++: /Volumes/Realtek/project/android/project/launch/app/src/main/cpp/native-lib.cpp:143:84: warning: unused parameter 'thiz' [-Wunused-parameter]
C/C++:   143 | Java_com_xff_launch_detector_NativeDetector_checkXposedNative(JNIEnv *env, jobject thiz) {
C/C++:       |                                                                                    ^
C/C++: /Volumes/Realtek/project/android/project/launch/app/src/main/cpp/native-lib.cpp:148:72: warning: unused parameter 'env' [-Wunused-parameter]
C/C++:   148 | Java_com_xff_launch_detector_NativeDetector_checkXposedSyscall(JNIEnv *env, jobject thiz) {
C/C++:       |                                                                        ^
C/C++: /Volumes/Realtek/project/android/project/launch/app/src/main/cpp/native-lib.cpp:148:85: warning: unused parameter 'thiz' [-Wunused-parameter]
C/C++:   148 | Java_com_xff_launch_detector_NativeDetector_checkXposedSyscall(JNIEnv *env, jobject thiz) {
C/C++:       |                                                                                     ^
C/C++: /Volumes/Realtek/project/android/project/launch/app/src/main/cpp/native-lib.cpp:153:70: warning: unused parameter 'env' [-Wunused-parameter]
C/C++:   153 | Java_com_xff_launch_detector_NativeDetector_checkFridaNative(JNIEnv *env, jobject thiz) {
C/C++:       |                                                                      ^
C/C++: /Volumes/Realtek/project/android/project/launch/app/src/main/cpp/native-lib.cpp:153:83: warning: unused parameter 'thiz' [-Wunused-parameter]
C/C++:   153 | Java_com_xff_launch_detector_NativeDetector_checkFridaNative(JNIEnv *env, jobject thiz) {
C/C++:       |                                                                                   ^
C/C++: /Volumes/Realtek/project/android/project/launch/app/src/main/cpp/native-lib.cpp:159:71: warning: unused parameter 'env' [-Wunused-parameter]
C/C++:   159 | Java_com_xff_launch_detector_NativeDetector_checkFridaSyscall(JNIEnv *env, jobject thiz) {
C/C++:       |                                                                       ^
C/C++: /Volumes/Realtek/project/android/project/launch/app/src/main/cpp/native-lib.cpp:159:84: warning: unused parameter 'thiz' [-Wunused-parameter]
C/C++:   159 | Java_com_xff_launch_detector_NativeDetector_checkFridaSyscall(JNIEnv *env, jobject thiz) {
C/C++:       |                                                                                    ^
C/C++: /Volumes/Realtek/project/android/project/launch/app/src/main/cpp/native-lib.cpp:164:72: warning: unused parameter 'env' [-Wunused-parameter]
C/C++:   164 | Java_com_xff_launch_detector_NativeDetector_checkLSPosedNative(JNIEnv *env, jobject thiz) {
C/C++:       |                                                                        ^
C/C++: /Volumes/Realtek/project/android/project/launch/app/src/main/cpp/native-lib.cpp:164:85: warning: unused parameter 'thiz' [-Wunused-parameter]
C/C++:   164 | Java_com_xff_launch_detector_NativeDetector_checkLSPosedNative(JNIEnv *env, jobject thiz) {
C/C++:       |                                                                                     ^
C/C++: /Volumes/Realtek/project/android/project/launch/app/src/main/cpp/native-lib.cpp:169:73: warning: unused parameter 'env' [-Wunused-parameter]
C/C++:   169 | Java_com_xff_launch_detector_NativeDetector_checkLSPosedSyscall(JNIEnv *env, jobject thiz) {
C/C++:       |                                                                         ^
C/C++: /Volumes/Realtek/project/android/project/launch/app/src/main/cpp/native-lib.cpp:169:86: warning: unused parameter 'thiz' [-Wunused-parameter]
C/C++:   169 | Java_com_xff_launch_detector_NativeDetector_checkLSPosedSyscall(JNIEnv *env, jobject thiz) {
C/C++:       |                                                                                      ^
C/C++: /Volumes/Realtek/project/android/project/launch/app/src/main/cpp/native-lib.cpp:174:84: warning: unused parameter 'thiz' [-Wunused-parameter]
C/C++:   174 | Java_com_xff_launch_detector_NativeDetector_getLSPosedDetails(JNIEnv *env, jobject thiz) {
C/C++:       |                                                                                    ^
C/C++: /Volumes/Realtek/project/android/project/launch/app/src/main/cpp/native-lib.cpp:181:78: warning: unused parameter 'env' [-Wunused-parameter]
C/C++:   181 | Java_com_xff_launch_detector_NativeDetector_checkLSPosedMemoryNative(JNIEnv *env, jobject thiz) {
C/C++:       |                                                                              ^
C/C++: /Volumes/Realtek/project/android/project/launch/app/src/main/cpp/native-lib.cpp:181:91: warning: unused parameter 'thiz' [-Wunused-parameter]
C/C++:   181 | Java_com_xff_launch_detector_NativeDetector_checkLSPosedMemoryNative(JNIEnv *env, jobject thiz) {
C/C++:       |                                                                                           ^
C/C++: /Volumes/Realtek/project/android/project/launch/app/src/main/cpp/native-lib.cpp:186:79: warning: unused parameter 'env' [-Wunused-parameter]
C/C++:   186 | Java_com_xff_launch_detector_NativeDetector_checkLSPosedMemorySyscall(JNIEnv *env, jobject thiz) {
C/C++:       |                                                                               ^
C/C++: /Volumes/Realtek/project/android/project/launch/app/src/main/cpp/native-lib.cpp:186:92: warning: unused parameter 'thiz' [-Wunused-parameter]
C/C++:   186 | Java_com_xff_launch_detector_NativeDetector_checkLSPosedMemorySyscall(JNIEnv *env, jobject thiz) {
C/C++:       |                                                                                            ^
C/C++: /Volumes/Realtek/project/android/project/launch/app/src/main/cpp/native-lib.cpp:191:75: warning: unused parameter 'env' [-Wunused-parameter]
C/C++:   191 | Java_com_xff_launch_detector_NativeDetector_checkRiruZygiskNative(JNIEnv *env, jobject thiz) {
C/C++:       |                                                                           ^
C/C++: /Volumes/Realtek/project/android/project/launch/app/src/main/cpp/native-lib.cpp:191:88: warning: unused parameter 'thiz' [-Wunused-parameter]
C/C++:   191 | Java_com_xff_launch_detector_NativeDetector_checkRiruZygiskNative(JNIEnv *env, jobject thiz) {
C/C++:       |                                                                                        ^
C/C++: /Volumes/Realtek/project/android/project/launch/app/src/main/cpp/native-lib.cpp:196:76: warning: unused parameter 'env' [-Wunused-parameter]
C/C++:   196 | Java_com_xff_launch_detector_NativeDetector_checkRiruZygiskSyscall(JNIEnv *env, jobject thiz) {
C/C++:       |                                                                            ^
C/C++: /Volumes/Realtek/project/android/project/launch/app/src/main/cpp/native-lib.cpp:196:89: warning: unused parameter 'thiz' [-Wunused-parameter]
C/C++:   196 | Java_com_xff_launch_detector_NativeDetector_checkRiruZygiskSyscall(JNIEnv *env, jobject thiz) {
C/C++:       |                                                                                         ^
C/C++: /Volumes/Realtek/project/android/project/launch/app/src/main/cpp/native-lib.cpp:201:76: warning: unused parameter 'env' [-Wunused-parameter]
C/C++:   201 | Java_com_xff_launch_detector_NativeDetector_checkLSPosedSystemWide(JNIEnv *env, jobject thiz) {
C/C++:       |                                                                            ^
C/C++: /Volumes/Realtek/project/android/project/launch/app/src/main/cpp/native-lib.cpp:201:89: warning: unused parameter 'thiz' [-Wunused-parameter]
C/C++:   201 | Java_com_xff_launch_detector_NativeDetector_checkLSPosedSystemWide(JNIEnv *env, jobject thiz) {
C/C++:       |                                                                                         ^
C/C++: /Volumes/Realtek/project/android/project/launch/app/src/main/cpp/native-lib.cpp:206:84: warning: unused parameter 'env' [-Wunused-parameter]
C/C++:   206 | Java_com_xff_launch_detector_NativeDetector_checkAnonymousExecutableMemory(JNIEnv *env, jobject thiz) {
C/C++:       |                                                                                    ^
C/C++: /Volumes/Realtek/project/android/project/launch/app/src/main/cpp/native-lib.cpp:206:97: warning: unused parameter 'thiz' [-Wunused-parameter]
C/C++:   206 | Java_com_xff_launch_detector_NativeDetector_checkAnonymousExecutableMemory(JNIEnv *env, jobject thiz) {
C/C++:       |                                                                                                 ^
C/C++: /Volumes/Realtek/project/android/project/launch/app/src/main/cpp/native-lib.cpp:211:76: warning: unused parameter 'env' [-Wunused-parameter]
C/C++:   211 | Java_com_xff_launch_detector_NativeDetector_checkMemoryHooksNative(JNIEnv *env, jobject thiz) {
C/C++:       |                                                                            ^
C/C++: /Volumes/Realtek/project/android/project/launch/app/src/main/cpp/native-lib.cpp:211:89: warning: unused parameter 'thiz' [-Wunused-parameter]
C/C++:   211 | Java_com_xff_launch_detector_NativeDetector_checkMemoryHooksNative(JNIEnv *env, jobject thiz) {
C/C++:       |                                                                                         ^
C/C++: /Volumes/Realtek/project/android/project/launch/app/src/main/cpp/native-lib.cpp:216:77: warning: unused parameter 'env' [-Wunused-parameter]
C/C++:   216 | Java_com_xff_launch_detector_NativeDetector_checkMemoryHooksSyscall(JNIEnv *env, jobject thiz) {
C/C++:       |                                                                             ^
C/C++: /Volumes/Realtek/project/android/project/launch/app/src/main/cpp/native-lib.cpp:216:90: warning: unused parameter 'thiz' [-Wunused-parameter]
C/C++:   216 | Java_com_xff_launch_detector_NativeDetector_checkMemoryHooksSyscall(JNIEnv *env, jobject thiz) {
C/C++:       |                                                                                          ^
C/C++: /Volumes/Realtek/project/android/project/launch/app/src/main/cpp/native-lib.cpp:222:73: warning: unused parameter 'env' [-Wunused-parameter]
C/C++:   222 | Java_com_xff_launch_detector_NativeDetector_checkSmapsIntegrity(JNIEnv *env, jobject thiz) {
C/C++:       |                                                                         ^
C/C++: /Volumes/Realtek/project/android/project/launch/app/src/main/cpp/native-lib.cpp:222:86: warning: unused parameter 'thiz' [-Wunused-parameter]
C/C++:   222 | Java_com_xff_launch_detector_NativeDetector_checkSmapsIntegrity(JNIEnv *env, jobject thiz) {
C/C++:       |                                                                                      ^
C/C++: /Volumes/Realtek/project/android/project/launch/app/src/main/cpp/native-lib.cpp:228:71: warning: unused parameter 'env' [-Wunused-parameter]
C/C++:   228 | Java_com_xff_launch_detector_NativeDetector_checkZygiskNative(JNIEnv *env, jobject thiz) {
C/C++:       |                                                                       ^
C/C++: /Volumes/Realtek/project/android/project/launch/app/src/main/cpp/native-lib.cpp:228:84: warning: unused parameter 'thiz' [-Wunused-parameter]
C/C++:   228 | Java_com_xff_launch_detector_NativeDetector_checkZygiskNative(JNIEnv *env, jobject thiz) {
C/C++:       |                                                                                    ^
C/C++: /Volumes/Realtek/project/android/project/launch/app/src/main/cpp/native-lib.cpp:233:72: warning: unused parameter 'env' [-Wunused-parameter]
C/C++:   233 | Java_com_xff_launch_detector_NativeDetector_checkZygiskSyscall(JNIEnv *env, jobject thiz) {
C/C++:       |                                                                        ^
C/C++: /Volumes/Realtek/project/android/project/launch/app/src/main/cpp/native-lib.cpp:233:85: warning: unused parameter 'thiz' [-Wunused-parameter]
C/C++:   233 | Java_com_xff_launch_detector_NativeDetector_checkZygiskSyscall(JNIEnv *env, jobject thiz) {
C/C++:       |                                                                                     ^
C/C++: /Volumes/Realtek/project/android/project/launch/app/src/main/cpp/native-lib.cpp:240:73: warning: unused parameter 'env' [-Wunused-parameter]
C/C++:   240 | Java_com_xff_launch_detector_NativeDetector_checkEmulatorNative(JNIEnv *env, jobject thiz) {
C/C++:       |                                                                         ^
C/C++: /Volumes/Realtek/project/android/project/launch/app/src/main/cpp/native-lib.cpp:240:86: warning: unused parameter 'thiz' [-Wunused-parameter]
C/C++:   240 | Java_com_xff_launch_detector_NativeDetector_checkEmulatorNative(JNIEnv *env, jobject thiz) {
C/C++:       |                                                                                      ^
C/C++: /Volumes/Realtek/project/android/project/launch/app/src/main/cpp/native-lib.cpp:247:74: warning: unused parameter 'env' [-Wunused-parameter]
C/C++:   247 | Java_com_xff_launch_detector_NativeDetector_checkEmulatorSyscall(JNIEnv *env, jobject thiz) {
C/C++:       |                                                                          ^
C/C++: /Volumes/Realtek/project/android/project/launch/app/src/main/cpp/native-lib.cpp:247:87: warning: unused parameter 'thiz' [-Wunused-parameter]
C/C++:   247 | Java_com_xff_launch_detector_NativeDetector_checkEmulatorSyscall(JNIEnv *env, jobject thiz) {
C/C++:       |                                                                                       ^
C/C++: /Volumes/Realtek/project/android/project/launch/app/src/main/cpp/native-lib.cpp:252:69: warning: unused parameter 'env' [-Wunused-parameter]
C/C++:   252 | Java_com_xff_launch_detector_NativeDetector_checkQemuNative(JNIEnv *env, jobject thiz) {
C/C++:       |                                                                     ^
C/C++: /Volumes/Realtek/project/android/project/launch/app/src/main/cpp/native-lib.cpp:252:82: warning: unused parameter 'thiz' [-Wunused-parameter]
C/C++:   252 | Java_com_xff_launch_detector_NativeDetector_checkQemuNative(JNIEnv *env, jobject thiz) {
C/C++:       |                                                                                  ^
C/C++: /Volumes/Realtek/project/android/project/launch/app/src/main/cpp/native-lib.cpp:257:70: warning: unused parameter 'env' [-Wunused-parameter]
C/C++:   257 | Java_com_xff_launch_detector_NativeDetector_checkQemuSyscall(JNIEnv *env, jobject thiz) {
C/C++:       |                                                                      ^
C/C++: /Volumes/Realtek/project/android/project/launch/app/src/main/cpp/native-lib.cpp:257:83: warning: unused parameter 'thiz' [-Wunused-parameter]
C/C++:   257 | Java_com_xff_launch_detector_NativeDetector_checkQemuSyscall(JNIEnv *env, jobject thiz) {
C/C++:       |                                                                                   ^
C/C++: /Volumes/Realtek/project/android/project/launch/app/src/main/cpp/native-lib.cpp:264:73: warning: unused parameter 'env' [-Wunused-parameter]
C/C++:   264 | Java_com_xff_launch_detector_NativeDetector_checkDebuggerNative(JNIEnv *env, jobject thiz) {
C/C++:       |                                                                         ^
C/C++: /Volumes/Realtek/project/android/project/launch/app/src/main/cpp/native-lib.cpp:264:86: warning: unused parameter 'thiz' [-Wunused-parameter]
C/C++:   264 | Java_com_xff_launch_detector_NativeDetector_checkDebuggerNative(JNIEnv *env, jobject thiz) {
C/C++:       |                                                                                      ^
C/C++: /Volumes/Realtek/project/android/project/launch/app/src/main/cpp/native-lib.cpp:269:74: warning: unused parameter 'env' [-Wunused-parameter]
C/C++:   269 | Java_com_xff_launch_detector_NativeDetector_checkDebuggerSyscall(JNIEnv *env, jobject thiz) {
C/C++:       |                                                                          ^
C/C++: /Volumes/Realtek/project/android/project/launch/app/src/main/cpp/native-lib.cpp:269:87: warning: unused parameter 'thiz' [-Wunused-parameter]
C/C++:   269 | Java_com_xff_launch_detector_NativeDetector_checkDebuggerSyscall(JNIEnv *env, jobject thiz) {
C/C++:       |                                                                                       ^
C/C++: /Volumes/Realtek/project/android/project/launch/app/src/main/cpp/native-lib.cpp:274:71: warning: unused parameter 'env' [-Wunused-parameter]
C/C++:   274 | Java_com_xff_launch_detector_NativeDetector_checkPtraceNative(JNIEnv *env, jobject thiz) {
C/C++:       |                                                                       ^
C/C++: /Volumes/Realtek/project/android/project/launch/app/src/main/cpp/native-lib.cpp:274:84: warning: unused parameter 'thiz' [-Wunused-parameter]
C/C++:   274 | Java_com_xff_launch_detector_NativeDetector_checkPtraceNative(JNIEnv *env, jobject thiz) {
C/C++:       |                                                                                    ^
C/C++: /Volumes/Realtek/project/android/project/launch/app/src/main/cpp/native-lib.cpp:279:66: warning: unused parameter 'env' [-Wunused-parameter]
C/C++:   279 | Java_com_xff_launch_detector_NativeDetector_getTracerPid(JNIEnv *env, jobject thiz) {
C/C++:       |                                                                  ^
C/C++: /Volumes/Realtek/project/android/project/launch/app/src/main/cpp/native-lib.cpp:279:79: warning: unused parameter 'thiz' [-Wunused-parameter]
C/C++:   279 | Java_com_xff_launch_detector_NativeDetector_getTracerPid(JNIEnv *env, jobject thiz) {
C/C++:       |                                                                               ^
C/C++: /Volumes/Realtek/project/android/project/launch/app/src/main/cpp/native-lib.cpp:286:83: warning: unused parameter 'thiz' [-Wunused-parameter]
C/C++:   286 | Java_com_xff_launch_detector_NativeDetector_fileExistsNative(JNIEnv *env, jobject thiz, jstring path) {
C/C++:       |                                                                                   ^
C/C++: /Volumes/Realtek/project/android/project/launch/app/src/main/cpp/native-lib.cpp:294:84: warning: unused parameter 'thiz' [-Wunused-parameter]
C/C++:   294 | Java_com_xff_launch_detector_NativeDetector_fileExistsSyscall(JNIEnv *env, jobject thiz, jstring path) {
C/C++:       |                                                                                    ^
C/C++: /Volumes/Realtek/project/android/project/launch/app/src/main/cpp/native-lib.cpp:302:82: warning: unused parameter 'thiz' [-Wunused-parameter]
C/C++:   302 | Java_com_xff_launch_detector_NativeDetector_readFileSyscall(JNIEnv *env, jobject thiz, jstring path) {
C/C++:       |                                                                                  ^
C/C++: /Volumes/Realtek/project/android/project/launch/app/src/main/cpp/native-lib.cpp:336:81: warning: unused parameter 'thiz' [-Wunused-parameter]
C/C++:   336 | Java_com_xff_launch_detector_NativeDetector_readlinkNative(JNIEnv *env, jobject thiz, jstring path) {
C/C++:       |                                                                                 ^
C/C++: /Volumes/Realtek/project/android/project/launch/app/src/main/cpp/native-lib.cpp:353:82: warning: unused parameter 'thiz' [-Wunused-parameter]
C/C++:   353 | Java_com_xff_launch_detector_NativeDetector_readlinkSyscall(JNIEnv *env, jobject thiz, jstring path) {
C/C++:       |                                                                                  ^
C/C++: /Volumes/Realtek/project/android/project/launch/app/src/main/cpp/native-lib.cpp:370:82: warning: unused parameter 'thiz' [-Wunused-parameter]
C/C++:   370 | Java_com_xff_launch_detector_NativeDetector_isSymlinkNative(JNIEnv *env, jobject thiz, jstring path) {
C/C++:       |                                                                                  ^
C/C++: /Volumes/Realtek/project/android/project/launch/app/src/main/cpp/native-lib.cpp:386:83: warning: unused parameter 'thiz' [-Wunused-parameter]
C/C++:   386 | Java_com_xff_launch_detector_NativeDetector_isSymlinkSyscall(JNIEnv *env, jobject thiz, jstring path) {
C/C++:       |                                                                                   ^
C/C++: /Volumes/Realtek/project/android/project/launch/app/src/main/cpp/native-lib.cpp:402:81: warning: unused parameter 'thiz' [-Wunused-parameter]
C/C++:   402 | Java_com_xff_launch_detector_NativeDetector_realpathNative(JNIEnv *env, jobject thiz, jstring path) {
C/C++:       |                                                                                 ^
C/C++: /Volumes/Realtek/project/android/project/launch/app/src/main/cpp/native-lib.cpp:418:82: warning: unused parameter 'thiz' [-Wunused-parameter]
C/C++:   418 | Java_com_xff_launch_detector_NativeDetector_realpathSyscall(JNIEnv *env, jobject thiz, jstring path) {
C/C++:       |                                                                                  ^
C/C++: /Volumes/Realtek/project/android/project/launch/app/src/main/cpp/native-lib.cpp:467:87: warning: unused parameter 'thiz' [-Wunused-parameter]
C/C++:   467 | Java_com_xff_launch_detector_NativeDetector_checkProcFileSyscall(JNIEnv *env, jobject thiz, jstring path) {
C/C++:       |                                                                                       ^
C/C++: /Volumes/Realtek/project/android/project/launch/app/src/main/cpp/native-lib.cpp:490:76: warning: unused parameter 'env' [-Wunused-parameter]
C/C++:   490 | Java_com_xff_launch_detector_NativeDetector_checkHiddenMapsSyscall(JNIEnv *env, jobject thiz) {
C/C++:       |                                                                            ^
C/C++: /Volumes/Realtek/project/android/project/launch/app/src/main/cpp/native-lib.cpp:490:89: warning: unused parameter 'thiz' [-Wunused-parameter]
C/C++:   490 | Java_com_xff_launch_detector_NativeDetector_checkHiddenMapsSyscall(JNIEnv *env, jobject thiz) {
C/C++:       |                                                                                         ^
C/C++: /Volumes/Realtek/project/android/project/launch/app/src/main/cpp/native-lib.cpp:514:78: warning: unused parameter 'env' [-Wunused-parameter]
C/C++:   514 | Java_com_xff_launch_detector_NativeDetector_checkSuspiciousFdsNative(JNIEnv *env, jobject thiz) {
C/C++:       |                                                                              ^
C/C++: /Volumes/Realtek/project/android/project/launch/app/src/main/cpp/native-lib.cpp:514:91: warning: unused parameter 'thiz' [-Wunused-parameter]
C/C++:   514 | Java_com_xff_launch_detector_NativeDetector_checkSuspiciousFdsNative(JNIEnv *env, jobject thiz) {
C/C++:       |                                                                                           ^
C/C++: /Volumes/Realtek/project/android/project/launch/app/src/main/cpp/native-lib.cpp:544:79: warning: unused parameter 'env' [-Wunused-parameter]
C/C++:   544 | Java_com_xff_launch_detector_NativeDetector_checkSuspiciousFdsSyscall(JNIEnv *env, jobject thiz) {
C/C++:       |                                                                               ^
C/C++: /Volumes/Realtek/project/android/project/launch/app/src/main/cpp/native-lib.cpp:544:92: warning: unused parameter 'thiz' [-Wunused-parameter]
C/C++:   544 | Java_com_xff_launch_detector_NativeDetector_checkSuspiciousFdsSyscall(JNIEnv *env, jobject thiz) {
C/C++:       |                                                                                            ^
C/C++: /Volumes/Realtek/project/android/project/launch/app/src/main/cpp/native-lib.cpp:586:79: warning: unused parameter 'env' [-Wunused-parameter]
C/C++:   586 | Java_com_xff_launch_detector_NativeDetector_checkMountNamespaceNative(JNIEnv *env, jobject thiz) {
C/C++:       |                                                                               ^
C/C++: /Volumes/Realtek/project/android/project/launch/app/src/main/cpp/native-lib.cpp:586:92: warning: unused parameter 'thiz' [-Wunused-parameter]
C/C++:   586 | Java_com_xff_launch_detector_NativeDetector_checkMountNamespaceNative(JNIEnv *env, jobject thiz) {
C/C++:       |                                                                                            ^
C/C++: /Volumes/Realtek/project/android/project/launch/app/src/main/cpp/native-lib.cpp:622:80: warning: unused parameter 'env' [-Wunused-parameter]
C/C++:   622 | Java_com_xff_launch_detector_NativeDetector_checkMountNamespaceSyscall(JNIEnv *env, jobject thiz) {
C/C++:       |                                                                                ^
C/C++: /Volumes/Realtek/project/android/project/launch/app/src/main/cpp/native-lib.cpp:622:93: warning: unused parameter 'thiz' [-Wunused-parameter]
C/C++:   622 | Java_com_xff_launch_detector_NativeDetector_checkMountNamespaceSyscall(JNIEnv *env, jobject thiz) {
C/C++:       |                                                                                             ^
C/C++: /Volumes/Realtek/project/android/project/launch/app/src/main/cpp/native-lib.cpp:700:1: error: redefinition of 'Java_com_xff_launch_detector_NativeDetector_checkZygiskNative'
C/C++:   700 | Java_com_xff_launch_detector_NativeDetector_checkZygiskNative(JNIEnv *env, jobject thiz) {
C/C++:       | ^
C/C++: /Volumes/Realtek/project/android/project/launch/app/src/main/cpp/native-lib.cpp:228:1: note: previous definition is here
C/C++:   228 | Java_com_xff_launch_detector_NativeDetector_checkZygiskNative(JNIEnv *env, jobject thiz) {
C/C++:       | ^
C/C++: /Volumes/Realtek/project/android/project/launch/app/src/main/cpp/native-lib.cpp:720:1: error: redefinition of 'Java_com_xff_launch_detector_NativeDetector_checkZygiskSyscall'
C/C++:   720 | Java_com_xff_launch_detector_NativeDetector_checkZygiskSyscall(JNIEnv *env, jobject thiz) {
C/C++:       | ^
C/C++: /Volumes/Realtek/project/android/project/launch/app/src/main/cpp/native-lib.cpp:233:1: note: previous definition is here
C/C++:   233 | Java_com_xff_launch_detector_NativeDetector_checkZygiskSyscall(JNIEnv *env, jobject thiz) {
C/C++:       | ^
C/C++: /Volumes/Realtek/project/android/project/launch/app/src/main/cpp/native-lib.cpp:744:69: warning: unused parameter 'env' [-Wunused-parameter]
C/C++:   744 | Java_com_xff_launch_detector_NativeDetector_checkRiruNative(JNIEnv *env, jobject thiz) {
C/C++:       |                                                                     ^
C/C++: /Volumes/Realtek/project/android/project/launch/app/src/main/cpp/native-lib.cpp:744:82: warning: unused parameter 'thiz' [-Wunused-parameter]
C/C++:   744 | Java_com_xff_launch_detector_NativeDetector_checkRiruNative(JNIEnv *env, jobject thiz) {
C/C++:       |                                                                                  ^
C/C++: /Volumes/Realtek/project/android/project/launch/app/src/main/cpp/native-lib.cpp:764:70: warning: unused parameter 'env' [-Wunused-parameter]
C/C++:   764 | Java_com_xff_launch_detector_NativeDetector_checkRiruSyscall(JNIEnv *env, jobject thiz) {
C/C++:       |                                                                      ^
C/C++: /Volumes/Realtek/project/android/project/launch/app/src/main/cpp/native-lib.cpp:764:83: warning: unused parameter 'thiz' [-Wunused-parameter]
C/C++:   764 | Java_com_xff_launch_detector_NativeDetector_checkRiruSyscall(JNIEnv *env, jobject thiz) {
C/C++:       |                                                                                   ^
C/C++: /Volumes/Realtek/project/android/project/launch/app/src/main/cpp/native-lib.cpp:782:90: warning: unused parameter 'thiz' [-Wunused-parameter]
C/C++:   782 | Java_com_xff_launch_detector_NativeDetector_getSELinuxContextNative(JNIEnv *env, jobject thiz) {
C/C++:       |                                                                                          ^
C/C++: /Volumes/Realtek/project/android/project/launch/app/src/main/cpp/native-lib.cpp:792:79: warning: unused parameter 'env' [-Wunused-parameter]
C/C++:   792 | Java_com_xff_launch_detector_NativeDetector_checkSuspiciousMapsNative(JNIEnv *env, jobject thiz) {
C/C++:       |                                                                               ^
C/C++: /Volumes/Realtek/project/android/project/launch/app/src/main/cpp/native-lib.cpp:792:92: warning: unused parameter 'thiz' [-Wunused-parameter]
C/C++:   792 | Java_com_xff_launch_detector_NativeDetector_checkSuspiciousMapsNative(JNIEnv *env, jobject thiz) {
C/C++:       |                                                                                            ^
C/C++: /Volumes/Realtek/project/android/project/launch/app/src/main/cpp/native-lib.cpp:799:80: warning: unused parameter 'env' [-Wunused-parameter]
C/C++:   799 | Java_com_xff_launch_detector_NativeDetector_checkSuspiciousMapsSyscall(JNIEnv *env, jobject thiz) {
C/C++:       |                                                                                ^
C/C++: /Volumes/Realtek/project/android/project/launch/app/src/main/cpp/native-lib.cpp:799:93: warning: unused parameter 'thiz' [-Wunused-parameter]
C/C++:   799 | Java_com_xff_launch_detector_NativeDetector_checkSuspiciousMapsSyscall(JNIEnv *env, jobject thiz) {
C/C++:       |                                                                                             ^
C/C++: /Volumes/Realtek/project/android/project/launch/app/src/main/cpp/native-lib.cpp:806:75: warning: unused parameter 'env' [-Wunused-parameter]
C/C++:   806 | Java_com_xff_launch_detector_NativeDetector_checkAppProcessNative(JNIEnv *env, jobject thiz) {
C/C++:       |                                                                           ^
C/C++: /Volumes/Realtek/project/android/project/launch/app/src/main/cpp/native-lib.cpp:806:88: warning: unused parameter 'thiz' [-Wunused-parameter]
C/C++:   806 | Java_com_xff_launch_detector_NativeDetector_checkAppProcessNative(JNIEnv *env, jobject thiz) {
C/C++:       |                                                                                        ^
C/C++: /Volumes/Realtek/project/android/project/launch/app/src/main/cpp/native-lib.cpp:862:76: warning: unused parameter 'env' [-Wunused-parameter]
C/C++:   862 | Java_com_xff_launch_detector_NativeDetector_checkAppProcessSyscall(JNIEnv *env, jobject thiz) {
C/C++:       |                                                                            ^
C/C++: /Volumes/Realtek/project/android/project/launch/app/src/main/cpp/native-lib.cpp:862:89: warning: unused parameter 'thiz' [-Wunused-parameter]
C/C++:   862 | Java_com_xff_launch_detector_NativeDetector_checkAppProcessSyscall(JNIEnv *env, jobject thiz) {
C/C++:       |                                                                                         ^
C/C++: /Volumes/Realtek/project/android/project/launch/app/src/main/cpp/native-lib.cpp:912:92: warning: unused parameter 'thiz' [-Wunused-parameter]
C/C++:   912 | Java_com_xff_launch_detector_NativeDetector_checkFileIntegritySyscall(JNIEnv *env, jobject thiz, jstring path) {
C/C++:       |                                                                                            ^
C/C++: /Volumes/Realtek/project/android/project/launch/app/src/main/cpp/native-lib.cpp:931:79: warning: unused parameter 'env' [-Wunused-parameter]
C/C++:   931 | Java_com_xff_launch_detector_NativeDetector_countZygiskModulesSyscall(JNIEnv *env, jobject thiz) {
C/C++:       |                                                                               ^
C/C++: /Volumes/Realtek/project/android/project/launch/app/src/main/cpp/native-lib.cpp:931:92: warning: unused parameter 'thiz' [-Wunused-parameter]
C/C++:   931 | Java_com_xff_launch_detector_NativeDetector_countZygiskModulesSyscall(JNIEnv *env, jobject thiz) {
C/C++:       |                                                                                            ^
C/C++: /Volumes/Realtek/project/android/project/launch/app/src/main/cpp/native-lib.cpp:967:80: warning: unused parameter 'env' [-Wunused-parameter]
C/C++:   967 | Java_com_xff_launch_detector_NativeDetector_checkMemoryIntegrityNative(JNIEnv *env, jobject thiz) {
C/C++:       |                                                                                ^
C/C++: /Volumes/Realtek/project/android/project/launch/app/src/main/cpp/native-lib.cpp:967:93: warning: unused parameter 'thiz' [-Wunused-parameter]
C/C++:   967 | Java_com_xff_launch_detector_NativeDetector_checkMemoryIntegrityNative(JNIEnv *env, jobject thiz) {
C/C++:       |                                                                                             ^
C/C++: /Volumes/Realtek/project/android/project/launch/app/src/main/cpp/native-lib.cpp:986:81: warning: unused parameter 'env' [-Wunused-parameter]
C/C++:   986 | Java_com_xff_launch_detector_NativeDetector_checkMemoryIntegritySyscall(JNIEnv *env, jobject thiz) {
C/C++:       |                                                                                 ^
C/C++: /Volumes/Realtek/project/android/project/launch/app/src/main/cpp/native-lib.cpp:986:94: warning: unused parameter 'thiz' [-Wunused-parameter]
C/C++:   986 | Java_com_xff_launch_detector_NativeDetector_checkMemoryIntegritySyscall(JNIEnv *env, jobject thiz) {
C/C++:       |                                                                                              ^
C/C++: /Volumes/Realtek/project/android/project/launch/app/src/main/cpp/native-lib.cpp:1000:77: warning: unused parameter 'env' [-Wunused-parameter]
C/C++:  1000 | Java_com_xff_launch_detector_NativeDetector_checkInlineHooksSyscall(JNIEnv *env, jobject thiz) {
C/C++:       |                                                                             ^
C/C++: /Volumes/Realtek/project/android/project/launch/app/src/main/cpp/native-lib.cpp:1000:90: warning: unused parameter 'thiz' [-Wunused-parameter]
C/C++:  1000 | Java_com_xff_launch_detector_NativeDetector_checkInlineHooksSyscall(JNIEnv *env, jobject thiz) {
C/C++:       |                                                                                          ^
C/C++: /Volumes/Realtek/project/android/project/launch/app/src/main/cpp/native-lib.cpp:1048:86: warning: unused parameter 'env' [-Wunused-parameter]
C/C++:  1048 | Java_com_xff_launch_detector_NativeDetector_checkSuspiciousAnonMemorySyscall(JNIEnv *env, jobject thiz) {
C/C++:       |                                                                                      ^
C/C++: /Volumes/Realtek/project/android/project/launch/app/src/main/cpp/native-lib.cpp:1048:99: warning: unused parameter 'thiz' [-Wunused-parameter]
C/C++:  1048 | Java_com_xff_launch_detector_NativeDetector_checkSuspiciousAnonMemorySyscall(JNIEnv *env, jobject thiz) {
C/C++:       |                                                                                                   ^
C/C++: /Volumes/Realtek/project/android/project/launch/app/src/main/cpp/native-lib.cpp:1090:75: warning: unused parameter 'env' [-Wunused-parameter]
C/C++:  1090 | Java_com_xff_launch_detector_NativeDetector_checkLibcHooksSyscall(JNIEnv *env, jobject thiz) {
C/C++:       |                                                                           ^
C/C++: /Volumes/Realtek/project/android/project/launch/app/src/main/cpp/native-lib.cpp:1090:88: warning: unused parameter 'thiz' [-Wunused-parameter]
C/C++:  1090 | Java_com_xff_launch_detector_NativeDetector_checkLibcHooksSyscall(JNIEnv *env, jobject thiz) {
C/C++:       |                                                                                        ^
C/C++: /Volumes/Realtek/project/android/project/launch/app/src/main/cpp/native-lib.cpp:1116:74: warning: unused parameter 'env' [-Wunused-parameter]
C/C++:  1116 | Java_com_xff_launch_detector_NativeDetector_checkArtHooksSyscall(JNIEnv *env, jobject thiz) {
C/C++:       |                                                                          ^
C/C++: /Volumes/Realtek/project/android/project/launch/app/src/main/cpp/native-lib.cpp:1116:87: warning: unused parameter 'thiz' [-Wunused-parameter]
C/C++:  1116 | Java_com_xff_launch_detector_NativeDetector_checkArtHooksSyscall(JNIEnv *env, jobject thiz) {
C/C++:       |                                                                                       ^
C/C++: /Volumes/Realtek/project/android/project/launch/app/src/main/cpp/native-lib.cpp:1134:77: warning: unused parameter 'env' [-Wunused-parameter]
C/C++:  1134 | Java_com_xff_launch_detector_NativeDetector_checkLibraryHooksNative(JNIEnv *env, jobject thiz) {
C/C++:       |                                                                             ^
C/C++: /Volumes/Realtek/project/android/project/launch/app/src/main/cpp/native-lib.cpp:1134:90: warning: unused parameter 'thiz' [-Wunused-parameter]
C/C++:  1134 | Java_com_xff_launch_detector_NativeDetector_checkLibraryHooksNative(JNIEnv *env, jobject thiz) {
C/C++:       |                                                                                          ^
C/C++: /Volumes/Realtek/project/android/project/launch/app/src/main/cpp/native-lib.cpp:1220:77: warning: unused parameter 'env' [-Wunused-parameter]
C/C++:  1220 | Java_com_xff_launch_detector_NativeDetector_checkZygoteParentNative(JNIEnv *env, jobject thiz) {
C/C++:       |                                                                             ^
C/C++: /Volumes/Realtek/project/android/project/launch/app/src/main/cpp/native-lib.cpp:1220:90: warning: unused parameter 'thiz' [-Wunused-parameter]
C/C++:  1220 | Java_com_xff_launch_detector_NativeDetector_checkZygoteParentNative(JNIEnv *env, jobject thiz) {
C/C++:       |                                                                                          ^
C/C++: /Volumes/Realtek/project/android/project/launch/app/src/main/cpp/native-lib.cpp:1238:80: warning: unused parameter 'thiz' [-Wunused-parameter]
C/C++:  1238 | Java_com_xff_launch_detector_NativeDetector_getZygoteInfo(JNIEnv *env, jobject thiz) {
C/C++:       |                                                                                ^
C/C++: /Volumes/Realtek/project/android/project/launch/app/src/main/cpp/native-lib.cpp:1260:77: warning: unused parameter 'env' [-Wunused-parameter]
C/C++:  1260 | Java_com_xff_launch_detector_NativeDetector_countAnonymousRwxMemory(JNIEnv *env, jobject thiz) {
C/C++:       |                                                                             ^
C/C++: /Volumes/Realtek/project/android/project/launch/app/src/main/cpp/native-lib.cpp:1260:90: warning: unused parameter 'thiz' [-Wunused-parameter]
C/C++:  1260 | Java_com_xff_launch_detector_NativeDetector_countAnonymousRwxMemory(JNIEnv *env, jobject thiz) {
C/C++:       |                                                                                          ^
C/C++: /Volumes/Realtek/project/android/project/launch/app/src/main/cpp/native-lib.cpp:1323:89: warning: unused parameter 'thiz' [-Wunused-parameter]
C/C++:  1323 | Java_com_xff_launch_detector_NativeDetector_getAnonymousRwxDetails(JNIEnv *env, jobject thiz) {
C/C++:       |                                                                                         ^
C/C++: /Volumes/Realtek/project/android/project/launch/app/src/main/cpp/native-lib.cpp:1373:76: warning: unused parameter 'env' [-Wunused-parameter]
C/C++:  1373 | Java_com_xff_launch_detector_NativeDetector_benchmarkSyscallOpenat(JNIEnv *env, jobject thiz, jint iterations) {
C/C++:       |                                                                            ^
C/C++: /Volumes/Realtek/project/android/project/launch/app/src/main/cpp/native-lib.cpp:1373:89: warning: unused parameter 'thiz' [-Wunused-parameter]
C/C++:  1373 | Java_com_xff_launch_detector_NativeDetector_benchmarkSyscallOpenat(JNIEnv *env, jobject thiz, jint iterations) {
C/C++:       |                                                                                         ^
C/C++: /Volumes/Realtek/project/android/project/launch/app/src/main/cpp/native-lib.cpp:1381:73: warning: unused parameter 'env' [-Wunused-parameter]
C/C++:  1381 | Java_com_xff_launch_detector_NativeDetector_benchmarkLibcOpenat(JNIEnv *env, jobject thiz, jint iterations) {
C/C++:       |                                                                         ^
C/C++: /Volumes/Realtek/project/android/project/launch/app/src/main/cpp/native-lib.cpp:1381:86: warning: unused parameter 'thiz' [-Wunused-parameter]
C/C++:  1381 | Java_com_xff_launch_detector_NativeDetector_benchmarkLibcOpenat(JNIEnv *env, jobject thiz, jint iterations) {
C/C++:       |                                                                                      ^
C/C++: /Volumes/Realtek/project/android/project/launch/app/src/main/cpp/native-lib.cpp:1389:76: warning: unused parameter 'env' [-Wunused-parameter]
C/C++:  1389 | Java_com_xff_launch_detector_NativeDetector_benchmarkSyscallAccess(JNIEnv *env, jobject thiz, jint iterations) {
C/C++:       |                                                                            ^
C/C++: /Volumes/Realtek/project/android/project/launch/app/src/main/cpp/native-lib.cpp:1389:89: warning: unused parameter 'thiz' [-Wunused-parameter]
C/C++:  1389 | Java_com_xff_launch_detector_NativeDetector_benchmarkSyscallAccess(JNIEnv *env, jobject thiz, jint iterations) {
C/C++:       |                                                                                         ^
C/C++: /Volumes/Realtek/project/android/project/launch/app/src/main/cpp/native-lib.cpp:1397:73: warning: unused parameter 'env' [-Wunused-parameter]
C/C++:  1397 | Java_com_xff_launch_detector_NativeDetector_benchmarkLibcAccess(JNIEnv *env, jobject thiz, jint iterations) {
C/C++:       |                                                                         ^
C/C++: /Volumes/Realtek/project/android/project/launch/app/src/main/cpp/native-lib.cpp:1397:86: warning: unused parameter 'thiz' [-Wunused-parameter]
C/C++:  1397 | Java_com_xff_launch_detector_NativeDetector_benchmarkLibcAccess(JNIEnv *env, jobject thiz, jint iterations) {
C/C++:       |                                                                                      ^
C/C++: /Volumes/Realtek/project/android/project/launch/app/src/main/cpp/native-lib.cpp:1405:74: warning: unused parameter 'env' [-Wunused-parameter]
C/C++:  1405 | Java_com_xff_launch_detector_NativeDetector_benchmarkSyscallStat(JNIEnv *env, jobject thiz, jint iterations) {
C/C++:       |                                                                          ^
C/C++: /Volumes/Realtek/project/android/project/launch/app/src/main/cpp/native-lib.cpp:1405:87: warning: unused parameter 'thiz' [-Wunused-parameter]
C/C++:  1405 | Java_com_xff_launch_detector_NativeDetector_benchmarkSyscallStat(JNIEnv *env, jobject thiz, jint iterations) {
C/C++:       |                                                                                       ^
C/C++: /Volumes/Realtek/project/android/project/launch/app/src/main/cpp/native-lib.cpp:1413:71: warning: unused parameter 'env' [-Wunused-parameter]
C/C++:  1413 | Java_com_xff_launch_detector_NativeDetector_benchmarkLibcStat(JNIEnv *env, jobject thiz, jint iterations) {
C/C++:       |                                                                       ^
C/C++: /Volumes/Realtek/project/android/project/launch/app/src/main/cpp/native-lib.cpp:1413:84: warning: unused parameter 'thiz' [-Wunused-parameter]
C/C++:  1413 | Java_com_xff_launch_detector_NativeDetector_benchmarkLibcStat(JNIEnv *env, jobject thiz, jint iterations) {
C/C++:       |                                                                                    ^
C/C++: /Volumes/Realtek/project/android/project/launch/app/src/main/cpp/native-lib.cpp:1425:73: warning: unused parameter 'env' [-Wunused-parameter]
C/C++:  1425 | Java_com_xff_launch_detector_NativeDetector_detectTimingAnomaly(JNIEnv *env, jobject thiz,
C/C++:       |                                                                         ^
C/C++: /Volumes/Realtek/project/android/project/launch/app/src/main/cpp/native-lib.cpp:1425:86: warning: unused parameter 'thiz' [-Wunused-parameter]
C/C++:  1425 | Java_com_xff_launch_detector_NativeDetector_detectTimingAnomaly(JNIEnv *env, jobject thiz,
C/C++:       |                                                                                      ^
C/C++: /Volumes/Realtek/project/android/project/launch/app/src/main/cpp/native-lib.cpp:1434:84: warning: unused parameter 'thiz' [-Wunused-parameter]
C/C++:  1434 | Java_com_xff_launch_detector_NativeDetector_getSystemProperty(JNIEnv *env, jobject thiz, jstring key) {
C/C++:       |                                                                                    ^
C/C++: /Volumes/Realtek/project/android/project/launch/app/src/main/cpp/native-lib.cpp:1447:89: warning: unused parameter 'thiz' [-Wunused-parameter]
C/C++:  1447 | Java_com_xff_launch_detector_NativeDetector_getBuildPropertyNative(JNIEnv *env, jobject thiz, jstring propName) {
C/C++:       |                                                                                         ^
C/C++: /Volumes/Realtek/project/android/project/launch/app/src/main/cpp/native-lib.cpp:1458:90: warning: unused parameter 'thiz' [-Wunused-parameter]
C/C++:  1458 | Java_com_xff_launch_detector_NativeDetector_getBuildPropertySyscall(JNIEnv *env, jobject thiz, jstring propName) {
C/C++:       |                                                                                          ^
C/C++: /Volumes/Realtek/project/android/project/launch/app/src/main/cpp/native-lib.cpp:1553:81: warning: unused parameter 'thiz' [-Wunused-parameter]
C/C++:  1553 | Java_com_xff_launch_detector_NativeDetector_readKernelFile(JNIEnv *env, jobject thiz, jstring path) {
C/C++:       |                                                                                 ^
C/C++: /Volumes/Realtek/project/android/project/launch/app/src/main/cpp/native-lib.cpp:1561:79: warning: unused parameter 'thiz' [-Wunused-parameter]
C/C++:  1561 | Java_com_xff_launch_detector_NativeDetector_getCpuSerial(JNIEnv *env, jobject thiz) {
C/C++:       |                                                                               ^
C/C++: /Volumes/Realtek/project/android/project/launch/app/src/main/cpp/native-lib.cpp:1568:86: warning: unused parameter 'thiz' [-Wunused-parameter]
C/C++:  1568 | Java_com_xff_launch_detector_NativeDetector_getCpuSerialSyscall(JNIEnv *env, jobject thiz) {
C/C++:       |                                                                                      ^
C/C++: /Volumes/Realtek/project/android/project/launch/app/src/main/cpp/native-lib.cpp:1575:81: warning: unused parameter 'thiz' [-Wunused-parameter]
C/C++:  1575 | Java_com_xff_launch_detector_NativeDetector_getCpuHardware(JNIEnv *env, jobject thiz) {
C/C++:       |                                                                                 ^
C/C++: /Volumes/Realtek/project/android/project/launch/app/src/main/cpp/native-lib.cpp:1582:88: warning: unused parameter 'thiz' [-Wunused-parameter]
C/C++:  1582 | Java_com_xff_launch_detector_NativeDetector_getCpuHardwareSyscall(JNIEnv *env, jobject thiz) {
C/C++:       |                                                                                        ^
C/C++: /Volumes/Realtek/project/android/project/launch/app/src/main/cpp/native-lib.cpp:1589:79: warning: unused parameter 'thiz' [-Wunused-parameter]
C/C++:  1589 | Java_com_xff_launch_detector_NativeDetector_getBootParam(JNIEnv *env, jobject thiz, jstring paramName) {
C/C++:       |                                                                               ^
C/C++: /Volumes/Realtek/project/android/project/launch/app/src/main/cpp/native-lib.cpp:1598:86: warning: unused parameter 'thiz' [-Wunused-parameter]
C/C++:  1598 | Java_com_xff_launch_detector_NativeDetector_getBootParamSyscall(JNIEnv *env, jobject thiz, jstring paramName) {
C/C++:       |                                                                                      ^
C/C++: /Volumes/Realtek/project/android/project/launch/app/src/main/cpp/native-lib.cpp:1609:72: warning: unused parameter 'env' [-Wunused-parameter]
C/C++:  1609 | Java_com_xff_launch_detector_NativeDetector_checkLibcIntegrity(JNIEnv *env, jobject thiz) {
C/C++:       |                                                                        ^
C/C++: /Volumes/Realtek/project/android/project/launch/app/src/main/cpp/native-lib.cpp:1609:85: warning: unused parameter 'thiz' [-Wunused-parameter]
C/C++:  1609 | Java_com_xff_launch_detector_NativeDetector_checkLibcIntegrity(JNIEnv *env, jobject thiz) {
C/C++:       |                                                                                     ^
C/C++: /Volumes/Realtek/project/android/project/launch/app/src/main/cpp/native-lib.cpp:1614:74: warning: unused parameter 'env' [-Wunused-parameter]
C/C++:  1614 | Java_com_xff_launch_detector_NativeDetector_checkLibartIntegrity(JNIEnv *env, jobject thiz) {
C/C++:       |                                                                          ^
C/C++: /Volumes/Realtek/project/android/project/launch/app/src/main/cpp/native-lib.cpp:1614:87: warning: unused parameter 'thiz' [-Wunused-parameter]
C/C++:  1614 | Java_com_xff_launch_detector_NativeDetector_checkLibartIntegrity(JNIEnv *env, jobject thiz) {
C/C++:       |                                                                                       ^
C/C++: /Volumes/Realtek/project/android/project/launch/app/src/main/cpp/native-lib.cpp:1619:82: warning: unused parameter 'env' [-Wunused-parameter]
C/C++:  1619 | Java_com_xff_launch_detector_NativeDetector_checkAndroidRuntimeIntegrity(JNIEnv *env, jobject thiz) {
C/C++:       |                                                                                  ^
C/C++: /Volumes/Realtek/project/android/project/launch/app/src/main/cpp/native-lib.cpp:1619:95: warning: unused parameter 'thiz' [-Wunused-parameter]
C/C++:  1619 | Java_com_xff_launch_detector_NativeDetector_checkAndroidRuntimeIntegrity(JNIEnv *env, jobject thiz) {
C/C++:       |                                                                                               ^
C/C++: /Volumes/Realtek/project/android/project/launch/app/src/main/cpp/native-lib.cpp:1624:99: warning: unused parameter 'thiz' [-Wunused-parameter]
C/C++:  1624 | Java_com_xff_launch_detector_NativeDetector_checkAllSystemLibrariesIntegrity(JNIEnv *env, jobject thiz) {
C/C++:       |                                                                                                   ^
C/C++: /Volumes/Realtek/project/android/project/launch/app/src/main/cpp/native-lib.cpp:1630:88: warning: unused parameter 'thiz' [-Wunused-parameter]
C/C++:  1630 | Java_com_xff_launch_detector_NativeDetector_checkLibraryIntegrity(JNIEnv *env, jobject thiz, jstring libName) {
C/C++:       |                                                                                        ^
C/C++: /Volumes/Realtek/project/android/project/launch/app/src/main/cpp/native-lib.cpp:1638:84: warning: unused parameter 'thiz' [-Wunused-parameter]
C/C++:  1638 | Java_com_xff_launch_detector_NativeDetector_checkFunctionHook(JNIEnv *env, jobject thiz,
C/C++:       |                                                                                    ^
C/C++: /Volumes/Realtek/project/android/project/launch/app/src/main/cpp/native-lib.cpp:1651:69: warning: unused parameter 'thiz' [-Wunused-parameter]
C/C++:  1651 | Java_com_xff_launch_MainActivity_stringFromJNI(JNIEnv *env, jobject thiz) {
C/C++:       |                                                                     ^
C/C++: 173 warnings and 2 errors generated.
C/C++: /Volumes/Realtek/project/android/project/launch/app/src/main/cpp/detector/integrity_detector.cpp:318:12: warning: unused variable 'samples_to_check' [-Wunused-variable]
C/C++:   318 |     size_t samples_to_check = std::min(text_size, SAMPLE_SIZE * 2);
C/C++:       |            ^~~~~~~~~~~~~~~~
C/C++: /Volumes/Realtek/project/android/project/launch/app/src/main/cpp/detector/integrity_detector.cpp:599:61: warning: unused parameter 'lib_name' [-Wunused-parameter]
C/C++:   599 | bool IntegrityDetector::checkPltGotHooks(const std::string& lib_name) {
C/C++:       |                                                             ^
C/C++: 2 warnings generated.

> Task :app:processDebugManifestForPackage

[Incubating] Problems report is available at: file:///Volumes/Realtek/project/android/project/launch/build/reports/problems/problems-report.html

FAILURE: Build failed with an exception.

* What went wrong:
Execution failed for task ':app:buildCMakeDebug[arm64-v8a]'.
> com.android.ide.common.process.ProcessException: ninja: Entering directory `/Volumes/Realtek/project/android/project/launch/app/.cxx/Debug/3g135d5g/arm64-v8a'
  [1/7] Building CXX object CMakeFiles/launch.dir/native-lib.cpp.o
  FAILED: CMakeFiles/launch.dir/native-lib.cpp.o 
  /Users/xiaofengfeng/Library/Android/sdk/ndk/27.0.12077973/toolchains/llvm/prebuilt/darwin-x86_64/bin/clang++ --target=aarch64-none-linux-android28 --sysroot=/Users/xiaofengfeng/Library/Android/sdk/ndk/27.0.12077973/toolchains/llvm/prebuilt/darwin-x86_64/sysroot -Dlaunch_EXPORTS -I/Volumes/Realtek/project/android/project/launch/app/src/main/cpp -I/Volumes/Realtek/project/android/project/launch/app/src/main/cpp/detector -I/Volumes/Realtek/project/android/project/launch/app/src/main/cpp/syscall -g -DANDROID -fdata-sections -ffunction-sections -funwind-tables -fstack-protector-strong -no-canonical-prefixes -D_FORTIFY_SOURCE=2 -Wformat -Werror=format-security  -std=c++17 -O2 -fno-limit-debug-info  -fPIC -Wall -Wextra -fvisibility=hidden -fstack-protector-strong -MD -MT CMakeFiles/launch.dir/native-lib.cpp.o -MF CMakeFiles/launch.dir/native-lib.cpp.o.d -o CMakeFiles/launch.dir/native-lib.cpp.o -c /Volumes/Realtek/project/android/project/launch/app/src/main/cpp/native-lib.cpp
  /Volumes/Realtek/project/android/project/launch/app/src/main/cpp/native-lib.cpp:61:72: warning: unused parameter 'env' [-Wunused-parameter]
     61 | Java_com_xff_launch_detector_NativeDetector_checkSuFilesNative(JNIEnv *env, jobject thiz) {
        |                                                                        ^
  /Volumes/Realtek/project/android/project/launch/app/src/main/cpp/native-lib.cpp:61:85: warning: unused parameter 'thiz' [-Wunused-parameter]
     61 | Java_com_xff_launch_detector_NativeDetector_checkSuFilesNative(JNIEnv *env, jobject thiz) {
        |                                                                                     ^
  /Volumes/Realtek/project/android/project/launch/app/src/main/cpp/native-lib.cpp:66:73: warning: unused parameter 'env' [-Wunused-parameter]
     66 | Java_com_xff_launch_detector_NativeDetector_checkSuFilesSyscall(JNIEnv *env, jobject thiz) {
        |                                                                         ^
  /Volumes/Realtek/project/android/project/launch/app/src/main/cpp/native-lib.cpp:66:86: warning: unused parameter 'thiz' [-Wunused-parameter]
     66 | Java_com_xff_launch_detector_NativeDetector_checkSuFilesSyscall(JNIEnv *env, jobject thiz) {
        |                                                                                      ^
  /Volumes/Realtek/project/android/project/launch/app/src/main/cpp/native-lib.cpp:71:71: warning: unused parameter 'env' [-Wunused-parameter]
     71 | Java_com_xff_launch_detector_NativeDetector_checkMagiskNative(JNIEnv *env, jobject thiz) {
        |                                                                       ^
  /Volumes/Realtek/project/android/project/launch/app/src/main/cpp/native-lib.cpp:71:84: warning: unused parameter 'thiz' [-Wunused-parameter]
     71 | Java_com_xff_launch_detector_NativeDetector_checkMagiskNative(JNIEnv *env, jobject thiz) {
        |                                                                                    ^
  /Volumes/Realtek/project/android/project/launch/app/src/main/cpp/native-lib.cpp:76:72: warning: unused parameter 'env' [-Wunused-parameter]
     76 | Java_com_xff_launch_detector_NativeDetector_checkMagiskSyscall(JNIEnv *env, jobject thiz) {
        |                                                                        ^
  /Volumes/Realtek/project/android/project/launch/app/src/main/cpp/native-lib.cpp:76:85: warning: unused parameter 'thiz' [-Wunused-parameter]
     76 | Java_com_xff_launch_detector_NativeDetector_checkMagiskSyscall(JNIEnv *env, jobject thiz) {
        |                                                                                     ^
  /Volumes/Realtek/project/android/project/launch/app/src/main/cpp/native-lib.cpp:81:73: warning: unused parameter 'env' [-Wunused-parameter]
     81 | Java_com_xff_launch_detector_NativeDetector_checkKernelSUNative(JNIEnv *env, jobject thiz) {
        |                                                                         ^
  /Volumes/Realtek/project/android/project/launch/app/src/main/cpp/native-lib.cpp:81:86: warning: unused parameter 'thiz' [-Wunused-parameter]
     81 | Java_com_xff_launch_detector_NativeDetector_checkKernelSUNative(JNIEnv *env, jobject thiz) {
        |                                                                                      ^
  /Volumes/Realtek/project/android/project/launch/app/src/main/cpp/native-lib.cpp:86:74: warning: unused parameter 'env' [-Wunused-parameter]
     86 | Java_com_xff_launch_detector_NativeDetector_checkKernelSUSyscall(JNIEnv *env, jobject thiz) {
        |                                                                          ^
  /Volumes/Realtek/project/android/project/launch/app/src/main/cpp/native-lib.cpp:86:87: warning: unused parameter 'thiz' [-Wunused-parameter]
     86 | Java_com_xff_launch_detector_NativeDetector_checkKernelSUSyscall(JNIEnv *env, jobject thiz) {
        |                                                                                       ^
  /Volumes/Realtek/project/android/project/launch/app/src/main/cpp/native-lib.cpp:91:71: warning: unused parameter 'env' [-Wunused-parameter]
     91 | Java_com_xff_launch_detector_NativeDetector_checkAPatchNative(JNIEnv *env, jobject thiz) {
        |                                                                       ^
  /Volumes/Realtek/project/android/project/launch/app/src/main/cpp/native-lib.cpp:91:84: warning: unused parameter 'thiz' [-Wunused-parameter]
     91 | Java_com_xff_launch_detector_NativeDetector_checkAPatchNative(JNIEnv *env, jobject thiz) {
        |                                                                                    ^
  /Volumes/Realtek/project/android/project/launch/app/src/main/cpp/native-lib.cpp:96:72: warning: unused parameter 'env' [-Wunused-parameter]
     96 | Java_com_xff_launch_detector_NativeDetector_checkAPatchSyscall(JNIEnv *env, jobject thiz) {
        |                                                                        ^
  /Volumes/Realtek/project/android/project/launch/app/src/main/cpp/native-lib.cpp:96:85: warning: unused parameter 'thiz' [-Wunused-parameter]
     96 | Java_com_xff_launch_detector_NativeDetector_checkAPatchSyscall(JNIEnv *env, jobject thiz) {
        |                                                                                     ^
  /Volumes/Realtek/project/android/project/launch/app/src/main/cpp/native-lib.cpp:101:71: warning: unused parameter 'env' [-Wunused-parameter]
    101 | Java_com_xff_launch_detector_NativeDetector_checkSukiSUNative(JNIEnv *env, jobject thiz) {
        |                                                                       ^
  /Volumes/Realtek/project/android/project/launch/app/src/main/cpp/native-lib.cpp:101:84: warning: unused parameter 'thiz' [-Wunused-parameter]
    101 | Java_com_xff_launch_detector_NativeDetector_checkSukiSUNative(JNIEnv *env, jobject thiz) {
        |                                                                                    ^
  /Volumes/Realtek/project/android/project/launch/app/src/main/cpp/native-lib.cpp:106:72: warning: unused parameter 'env' [-Wunused-parameter]
    106 | Java_com_xff_launch_detector_NativeDetector_checkSukiSUSyscall(JNIEnv *env, jobject thiz) {
        |                                                                        ^
  /Volumes/Realtek/project/android/project/launch/app/src/main/cpp/native-lib.cpp:106:85: warning: unused parameter 'thiz' [-Wunused-parameter]
    106 | Java_com_xff_launch_detector_NativeDetector_checkSukiSUSyscall(JNIEnv *env, jobject thiz) {
        |                                                                                     ^
  /Volumes/Realtek/project/android/project/launch/app/src/main/cpp/native-lib.cpp:111:75: warning: unused parameter 'env' [-Wunused-parameter]
    111 | Java_com_xff_launch_detector_NativeDetector_checkRootHidingNative(JNIEnv *env, jobject thiz) {
        |                                                                           ^
  /Volumes/Realtek/project/android/project/launch/app/src/main/cpp/native-lib.cpp:111:88: warning: unused parameter 'thiz' [-Wunused-parameter]
    111 | Java_com_xff_launch_detector_NativeDetector_checkRootHidingNative(JNIEnv *env, jobject thiz) {
        |                                                                                        ^
  /Volumes/Realtek/project/android/project/launch/app/src/main/cpp/native-lib.cpp:116:76: warning: unused parameter 'env' [-Wunused-parameter]
    116 | Java_com_xff_launch_detector_NativeDetector_checkRootHidingSyscall(JNIEnv *env, jobject thiz) {
        |                                                                            ^
  /Volumes/Realtek/project/android/project/launch/app/src/main/cpp/native-lib.cpp:116:89: warning: unused parameter 'thiz' [-Wunused-parameter]
    116 | Java_com_xff_launch_detector_NativeDetector_checkRootHidingSyscall(JNIEnv *env, jobject thiz) {
        |                                                                                         ^
  /Volumes/Realtek/project/android/project/launch/app/src/main/cpp/native-lib.cpp:121:81: warning: unused parameter 'env' [-Wunused-parameter]
    121 | Java_com_xff_launch_detector_NativeDetector_checkSuspiciousMountsNative(JNIEnv *env, jobject thiz) {
        |                                                                                 ^
  /Volumes/Realtek/project/android/project/launch/app/src/main/cpp/native-lib.cpp:121:94: warning: unused parameter 'thiz' [-Wunused-parameter]
    121 | Java_com_xff_launch_detector_NativeDetector_checkSuspiciousMountsNative(JNIEnv *env, jobject thiz) {
        |                                                                                              ^
  /Volumes/Realtek/project/android/project/launch/app/src/main/cpp/native-lib.cpp:126:82: warning: unused parameter 'env' [-Wunused-parameter]
    126 | Java_com_xff_launch_detector_NativeDetector_checkSuspiciousMountsSyscall(JNIEnv *env, jobject thiz) {
        |                                                                                  ^
  /Volumes/Realtek/project/android/project/launch/app/src/main/cpp/native-lib.cpp:126:95: warning: unused parameter 'thiz' [-Wunused-parameter]
    126 | Java_com_xff_launch_detector_NativeDetector_checkSuspiciousMountsSyscall(JNIEnv *env, jobject thiz) {
        |                                                                                               ^
  /Volumes/Realtek/project/android/project/launch/app/src/main/cpp/native-lib.cpp:131:74: warning: unused parameter 'env' [-Wunused-parameter]
    131 | Java_com_xff_launch_detector_NativeDetector_checkMountInfoNative(JNIEnv *env, jobject thiz) {
        |                                                                          ^
  /Volumes/Realtek/project/android/project/launch/app/src/main/cpp/native-lib.cpp:131:87: warning: unused parameter 'thiz' [-Wunused-parameter]
    131 | Java_com_xff_launch_detector_NativeDetector_checkMountInfoNative(JNIEnv *env, jobject thiz) {
        |                                                                                       ^
  /Volumes/Realtek/project/android/project/launch/app/src/main/cpp/native-lib.cpp:136:75: warning: unused parameter 'env' [-Wunused-parameter]
    136 | Java_com_xff_launch_detector_NativeDetector_checkMountInfoSyscall(JNIEnv *env, jobject thiz) {
        |                                                                           ^
  /Volumes/Realtek/project/android/project/launch/app/src/main/cpp/native-lib.cpp:136:88: warning: unused parameter 'thiz' [-Wunused-parameter]
    136 | Java_com_xff_launch_detector_NativeDetector_checkMountInfoSyscall(JNIEnv *env, jobject thiz) {
        |                                                                                        ^
  /Volumes/Realtek/project/android/project/launch/app/src/main/cpp/native-lib.cpp:143:71: warning: unused parameter 'env' [-Wunused-parameter]
    143 | Java_com_xff_launch_detector_NativeDetector_checkXposedNative(JNIEnv *env, jobject thiz) {
        |                                                                       ^
  /Volumes/Realtek/project/android/project/launch/app/src/main/cpp/native-lib.cpp:143:84: warning: unused parameter 'thiz' [-Wunused-parameter]
    143 | Java_com_xff_launch_detector_NativeDetector_checkXposedNative(JNIEnv *env, jobject thiz) {
        |                                                                                    ^
  /Volumes/Realtek/project/android/project/launch/app/src/main/cpp/native-lib.cpp:148:72: warning: unused parameter 'env' [-Wunused-parameter]
    148 | Java_com_xff_launch_detector_NativeDetector_checkXposedSyscall(JNIEnv *env, jobject thiz) {
        |                                                                        ^
  /Volumes/Realtek/project/android/project/launch/app/src/main/cpp/native-lib.cpp:148:85: warning: unused parameter 'thiz' [-Wunused-parameter]
    148 | Java_com_xff_launch_detector_NativeDetector_checkXposedSyscall(JNIEnv *env, jobject thiz) {
        |                                                                                     ^
  /Volumes/Realtek/project/android/project/launch/app/src/main/cpp/native-lib.cpp:153:70: warning: unused parameter 'env' [-Wunused-parameter]
    153 | Java_com_xff_launch_detector_NativeDetector_checkFridaNative(JNIEnv *env, jobject thiz) {
        |                                                                      ^
  /Volumes/Realtek/project/android/project/launch/app/src/main/cpp/native-lib.cpp:153:83: warning: unused parameter 'thiz' [-Wunused-parameter]
    153 | Java_com_xff_launch_detector_NativeDetector_checkFridaNative(JNIEnv *env, jobject thiz) {
        |                                                                                   ^
  /Volumes/Realtek/project/android/project/launch/app/src/main/cpp/native-lib.cpp:159:71: warning: unused parameter 'env' [-Wunused-parameter]
    159 | Java_com_xff_launch_detector_NativeDetector_checkFridaSyscall(JNIEnv *env, jobject thiz) {
        |                                                                       ^
  /Volumes/Realtek/project/android/project/launch/app/src/main/cpp/native-lib.cpp:159:84: warning: unused parameter 'thiz' [-Wunused-parameter]
    159 | Java_com_xff_launch_detector_NativeDetector_checkFridaSyscall(JNIEnv *env, jobject thiz) {
        |                                                                                    ^
  /Volumes/Realtek/project/android/project/launch/app/src/main/cpp/native-lib.cpp:164:72: warning: unused parameter 'env' [-Wunused-parameter]
    164 | Java_com_xff_launch_detector_NativeDetector_checkLSPosedNative(JNIEnv *env, jobject thiz) {
        |                                                                        ^
  /Volumes/Realtek/project/android/project/launch/app/src/main/cpp/native-lib.cpp:164:85: warning: unused parameter 'thiz' [-Wunused-parameter]
    164 | Java_com_xff_launch_detector_NativeDetector_checkLSPosedNative(JNIEnv *env, jobject thiz) {
        |                                                                                     ^
  /Volumes/Realtek/project/android/project/launch/app/src/main/cpp/native-lib.cpp:169:73: warning: unused parameter 'env' [-Wunused-parameter]
    169 | Java_com_xff_launch_detector_NativeDetector_checkLSPosedSyscall(JNIEnv *env, jobject thiz) {
        |                                                                         ^
  /Volumes/Realtek/project/android/project/launch/app/src/main/cpp/native-lib.cpp:169:86: warning: unused parameter 'thiz' [-Wunused-parameter]
    169 | Java_com_xff_launch_detector_NativeDetector_checkLSPosedSyscall(JNIEnv *env, jobject thiz) {
        |                                                                                      ^
  /Volumes/Realtek/project/android/project/launch/app/src/main/cpp/native-lib.cpp:174:84: warning: unused parameter 'thiz' [-Wunused-parameter]
    174 | Java_com_xff_launch_detector_NativeDetector_getLSPosedDetails(JNIEnv *env, jobject thiz) {
        |                                                                                    ^
  /Volumes/Realtek/project/android/project/launch/app/src/main/cpp/native-lib.cpp:181:78: warning: unused parameter 'env' [-Wunused-parameter]
    181 | Java_com_xff_launch_detector_NativeDetector_checkLSPosedMemoryNative(JNIEnv *env, jobject thiz) {
        |                                                                              ^
  /Volumes/Realtek/project/android/project/launch/app/src/main/cpp/native-lib.cpp:181:91: warning: unused parameter 'thiz' [-Wunused-parameter]
    181 | Java_com_xff_launch_detector_NativeDetector_checkLSPosedMemoryNative(JNIEnv *env, jobject thiz) {
        |                                                                                           ^
  /Volumes/Realtek/project/android/project/launch/app/src/main/cpp/native-lib.cpp:186:79: warning: unused parameter 'env' [-Wunused-parameter]
    186 | Java_com_xff_launch_detector_NativeDetector_checkLSPosedMemorySyscall(JNIEnv *env, jobject thiz) {
        |                                                                               ^
  /Volumes/Realtek/project/android/project/launch/app/src/main/cpp/native-lib.cpp:186:92: warning: unused parameter 'thiz' [-Wunused-parameter]
    186 | Java_com_xff_launch_detector_NativeDetector_checkLSPosedMemorySyscall(JNIEnv *env, jobject thiz) {
        |                                                                                            ^
  /Volumes/Realtek/project/android/project/launch/app/src/main/cpp/native-lib.cpp:191:75: warning: unused parameter 'env' [-Wunused-parameter]
    191 | Java_com_xff_launch_detector_NativeDetector_checkRiruZygiskNative(JNIEnv *env, jobject thiz) {
        |                                                                           ^
  /Volumes/Realtek/project/android/project/launch/app/src/main/cpp/native-lib.cpp:191:88: warning: unused parameter 'thiz' [-Wunused-parameter]
    191 | Java_com_xff_launch_detector_NativeDetector_checkRiruZygiskNative(JNIEnv *env, jobject thiz) {
        |                                                                                        ^
  /Volumes/Realtek/project/android/project/launch/app/src/main/cpp/native-lib.cpp:196:76: warning: unused parameter 'env' [-Wunused-parameter]
    196 | Java_com_xff_launch_detector_NativeDetector_checkRiruZygiskSyscall(JNIEnv *env, jobject thiz) {
        |                                                                            ^
  /Volumes/Realtek/project/android/project/launch/app/src/main/cpp/native-lib.cpp:196:89: warning: unused parameter 'thiz' [-Wunused-parameter]
    196 | Java_com_xff_launch_detector_NativeDetector_checkRiruZygiskSyscall(JNIEnv *env, jobject thiz) {
        |                                                                                         ^
  /Volumes/Realtek/project/android/project/launch/app/src/main/cpp/native-lib.cpp:201:76: warning: unused parameter 'env' [-Wunused-parameter]
    201 | Java_com_xff_launch_detector_NativeDetector_checkLSPosedSystemWide(JNIEnv *env, jobject thiz) {
        |                                                                            ^
  /Volumes/Realtek/project/android/project/launch/app/src/main/cpp/native-lib.cpp:201:89: warning: unused parameter 'thiz' [-Wunused-parameter]
    201 | Java_com_xff_launch_detector_NativeDetector_checkLSPosedSystemWide(JNIEnv *env, jobject thiz) {
        |                                                                                         ^
  /Volumes/Realtek/project/android/project/launch/app/src/main/cpp/native-lib.cpp:206:84: warning: unused parameter 'env' [-Wunused-parameter]
    206 | Java_com_xff_launch_detector_NativeDetector_checkAnonymousExecutableMemory(JNIEnv *env, jobject thiz) {
        |                                                                                    ^
  /Volumes/Realtek/project/android/project/launch/app/src/main/cpp/native-lib.cpp:206:97: warning: unused parameter 'thiz' [-Wunused-parameter]
    206 | Java_com_xff_launch_detector_NativeDetector_checkAnonymousExecutableMemory(JNIEnv *env, jobject thiz) {
        |                                                                                                 ^
  /Volumes/Realtek/project/android/project/launch/app/src/main/cpp/native-lib.cpp:211:76: warning: unused parameter 'env' [-Wunused-parameter]
    211 | Java_com_xff_launch_detector_NativeDetector_checkMemoryHooksNative(JNIEnv *env, jobject thiz) {
        |                                                                            ^
  /Volumes/Realtek/project/android/project/launch/app/src/main/cpp/native-lib.cpp:211:89: warning: unused parameter 'thiz' [-Wunused-parameter]
    211 | Java_com_xff_launch_detector_NativeDetector_checkMemoryHooksNative(JNIEnv *env, jobject thiz) {
        |                                                                                         ^
  /Volumes/Realtek/project/android/project/launch/app/src/main/cpp/native-lib.cpp:216:77: warning: unused parameter 'env' [-Wunused-parameter]
    216 | Java_com_xff_launch_detector_NativeDetector_checkMemoryHooksSyscall(JNIEnv *env, jobject thiz) {
        |                                                                             ^
  /Volumes/Realtek/project/android/project/launch/app/src/main/cpp/native-lib.cpp:216:90: warning: unused parameter 'thiz' [-Wunused-parameter]
    216 | Java_com_xff_launch_detector_NativeDetector_checkMemoryHooksSyscall(JNIEnv *env, jobject thiz) {
        |                                                                                          ^
  /Volumes/Realtek/project/android/project/launch/app/src/main/cpp/native-lib.cpp:222:73: warning: unused parameter 'env' [-Wunused-parameter]
    222 | Java_com_xff_launch_detector_NativeDetector_checkSmapsIntegrity(JNIEnv *env, jobject thiz) {
        |                                                                         ^
  /Volumes/Realtek/project/android/project/launch/app/src/main/cpp/native-lib.cpp:222:86: warning: unused parameter 'thiz' [-Wunused-parameter]
    222 | Java_com_xff_launch_detector_NativeDetector_checkSmapsIntegrity(JNIEnv *env, jobject thiz) {
        |                                                                                      ^
  /Volumes/Realtek/project/android/project/launch/app/src/main/cpp/native-lib.cpp:228:71: warning: unused parameter 'env' [-Wunused-parameter]
    228 | Java_com_xff_launch_detector_NativeDetector_checkZygiskNative(JNIEnv *env, jobject thiz) {
        |                                                                       ^
  /Volumes/Realtek/project/android/project/launch/app/src/main/cpp/native-lib.cpp:228:84: warning: unused parameter 'thiz' [-Wunused-parameter]
    228 | Java_com_xff_launch_detector_NativeDetector_checkZygiskNative(JNIEnv *env, jobject thiz) {
        |                                                                                    ^
  /Volumes/Realtek/project/android/project/launch/app/src/main/cpp/native-lib.cpp:233:72: warning: unused parameter 'env' [-Wunused-parameter]
    233 | Java_com_xff_launch_detector_NativeDetector_checkZygiskSyscall(JNIEnv *env, jobject thiz) {
        |                                                                        ^
  /Volumes/Realtek/project/android/project/launch/app/src/main/cpp/native-lib.cpp:233:85: warning: unused parameter 'thiz' [-Wunused-parameter]
    233 | Java_com_xff_launch_detector_NativeDetector_checkZygiskSyscall(JNIEnv *env, jobject thiz) {
        |                                                                                     ^
  /Volumes/Realtek/project/android/project/launch/app/src/main/cpp/native-lib.cpp:240:73: warning: unused parameter 'env' [-Wunused-parameter]
    240 | Java_com_xff_launch_detector_NativeDetector_checkEmulatorNative(JNIEnv *env, jobject thiz) {
        |                                                                         ^
  /Volumes/Realtek/project/android/project/launch/app/src/main/cpp/native-lib.cpp:240:86: warning: unused parameter 'thiz' [-Wunused-parameter]
    240 | Java_com_xff_launch_detector_NativeDetector_checkEmulatorNative(JNIEnv *env, jobject thiz) {
        |                                                                                      ^
  /Volumes/Realtek/project/android/project/launch/app/src/main/cpp/native-lib.cpp:247:74: warning: unused parameter 'env' [-Wunused-parameter]
    247 | Java_com_xff_launch_detector_NativeDetector_checkEmulatorSyscall(JNIEnv *env, jobject thiz) {
        |                                                                          ^
  /Volumes/Realtek/project/android/project/launch/app/src/main/cpp/native-lib.cpp:247:87: warning: unused parameter 'thiz' [-Wunused-parameter]
    247 | Java_com_xff_launch_detector_NativeDetector_checkEmulatorSyscall(JNIEnv *env, jobject thiz) {
        |                                                                                       ^
  /Volumes/Realtek/project/android/project/launch/app/src/main/cpp/native-lib.cpp:252:69: warning: unused parameter 'env' [-Wunused-parameter]
    252 | Java_com_xff_launch_detector_NativeDetector_checkQemuNative(JNIEnv *env, jobject thiz) {
        |                                                                     ^
  /Volumes/Realtek/project/android/project/launch/app/src/main/cpp/native-lib.cpp:252:82: warning: unused parameter 'thiz' [-Wunused-parameter]
    252 | Java_com_xff_launch_detector_NativeDetector_checkQemuNative(JNIEnv *env, jobject thiz) {
        |                                                                                  ^
  /Volumes/Realtek/project/android/project/launch/app/src/main/cpp/native-lib.cpp:257:70: warning: unused parameter 'env' [-Wunused-parameter]
    257 | Java_com_xff_launch_detector_NativeDetector_checkQemuSyscall(JNIEnv *env, jobject thiz) {
        |                                                                      ^
  /Volumes/Realtek/project/android/project/launch/app/src/main/cpp/native-lib.cpp:257:83: warning: unused parameter 'thiz' [-Wunused-parameter]
    257 | Java_com_xff_launch_detector_NativeDetector_checkQemuSyscall(JNIEnv *env, jobject thiz) {
        |                                                                                   ^
  /Volumes/Realtek/project/android/project/launch/app/src/main/cpp/native-lib.cpp:264:73: warning: unused parameter 'env' [-Wunused-parameter]
    264 | Java_com_xff_launch_detector_NativeDetector_checkDebuggerNative(JNIEnv *env, jobject thiz) {
        |                                                                         ^
  /Volumes/Realtek/project/android/project/launch/app/src/main/cpp/native-lib.cpp:264:86: warning: unused parameter 'thiz' [-Wunused-parameter]
    264 | Java_com_xff_launch_detector_NativeDetector_checkDebuggerNative(JNIEnv *env, jobject thiz) {
        |                                                                                      ^
  /Volumes/Realtek/project/android/project/launch/app/src/main/cpp/native-lib.cpp:269:74: warning: unused parameter 'env' [-Wunused-parameter]
    269 | Java_com_xff_launch_detector_NativeDetector_checkDebuggerSyscall(JNIEnv *env, jobject thiz) {
        |                                                                          ^
  /Volumes/Realtek/project/android/project/launch/app/src/main/cpp/native-lib.cpp:269:87: warning: unused parameter 'thiz' [-Wunused-parameter]
    269 | Java_com_xff_launch_detector_NativeDetector_checkDebuggerSyscall(JNIEnv *env, jobject thiz) {
        |                                                                                       ^
  /Volumes/Realtek/project/android/project/launch/app/src/main/cpp/native-lib.cpp:274:71: warning: unused parameter 'env' [-Wunused-parameter]
    274 | Java_com_xff_launch_detector_NativeDetector_checkPtraceNative(JNIEnv *env, jobject thiz) {
        |                                                                       ^
  /Volumes/Realtek/project/android/project/launch/app/src/main/cpp/native-lib.cpp:274:84: warning: unused parameter 'thiz' [-Wunused-parameter]
    274 | Java_com_xff_launch_detector_NativeDetector_checkPtraceNative(JNIEnv *env, jobject thiz) {
        |                                                                                    ^
  /Volumes/Realtek/project/android/project/launch/app/src/main/cpp/native-lib.cpp:279:66: warning: unused parameter 'env' [-Wunused-parameter]
    279 | Java_com_xff_launch_detector_NativeDetector_getTracerPid(JNIEnv *env, jobject thiz) {
        |                                                                  ^
  /Volumes/Realtek/project/android/project/launch/app/src/main/cpp/native-lib.cpp:279:79: warning: unused parameter 'thiz' [-Wunused-parameter]
    279 | Java_com_xff_launch_detector_NativeDetector_getTracerPid(JNIEnv *env, jobject thiz) {
        |                                                                               ^
  /Volumes/Realtek/project/android/project/launch/app/src/main/cpp/native-lib.cpp:286:83: warning: unused parameter 'thiz' [-Wunused-parameter]
    286 | Java_com_xff_launch_detector_NativeDetector_fileExistsNative(JNIEnv *env, jobject thiz, jstring path) {
        |                                                                                   ^
  /Volumes/Realtek/project/android/project/launch/app/src/main/cpp/native-lib.cpp:294:84: warning: unused parameter 'thiz' [-Wunused-parameter]
    294 | Java_com_xff_launch_detector_NativeDetector_fileExistsSyscall(JNIEnv *env, jobject thiz, jstring path) {
        |                                                                                    ^
  /Volumes/Realtek/project/android/project/launch/app/src/main/cpp/native-lib.cpp:302:82: warning: unused parameter 'thiz' [-Wunused-parameter]
    302 | Java_com_xff_launch_detector_NativeDetector_readFileSyscall(JNIEnv *env, jobject thiz, jstring path) {
        |                                                                                  ^
  /Volumes/Realtek/project/android/project/launch/app/src/main/cpp/native-lib.cpp:336:81: warning: unused parameter 'thiz' [-Wunused-parameter]
    336 | Java_com_xff_launch_detector_NativeDetector_readlinkNative(JNIEnv *env, jobject thiz, jstring path) {
        |                                                                                 ^
  /Volumes/Realtek/project/android/project/launch/app/src/main/cpp/native-lib.cpp:353:82: warning: unused parameter 'thiz' [-Wunused-parameter]
    353 | Java_com_xff_launch_detector_NativeDetector_readlinkSyscall(JNIEnv *env, jobject thiz, jstring path) {
        |                                                                                  ^
  /Volumes/Realtek/project/android/project/launch/app/src/main/cpp/native-lib.cpp:370:82: warning: unused parameter 'thiz' [-Wunused-parameter]
    370 | Java_com_xff_launch_detector_NativeDetector_isSymlinkNative(JNIEnv *env, jobject thiz, jstring path) {
        |                                                                                  ^
  /Volumes/Realtek/project/android/project/launch/app/src/main/cpp/native-lib.cpp:386:83: warning: unused parameter 'thiz' [-Wunused-parameter]
    386 | Java_com_xff_launch_detector_NativeDetector_isSymlinkSyscall(JNIEnv *env, jobject thiz, jstring path) {
        |                                                                                   ^
  /Volumes/Realtek/project/android/project/launch/app/src/main/cpp/native-lib.cpp:402:81: warning: unused parameter 'thiz' [-Wunused-parameter]
    402 | Java_com_xff_launch_detector_NativeDetector_realpathNative(JNIEnv *env, jobject thiz, jstring path) {
        |                                                                                 ^
  /Volumes/Realtek/project/android/project/launch/app/src/main/cpp/native-lib.cpp:418:82: warning: unused parameter 'thiz' [-Wunused-parameter]
    418 | Java_com_xff_launch_detector_NativeDetector_realpathSyscall(JNIEnv *env, jobject thiz, jstring path) {
        |                                                                                  ^
  /Volumes/Realtek/project/android/project/launch/app/src/main/cpp/native-lib.cpp:467:87: warning: unused parameter 'thiz' [-Wunused-parameter]
    467 | Java_com_xff_launch_detector_NativeDetector_checkProcFileSyscall(JNIEnv *env, jobject thiz, jstring path) {
        |                                                                                       ^
  /Volumes/Realtek/project/android/project/launch/app/src/main/cpp/native-lib.cpp:490:76: warning: unused parameter 'env' [-Wunused-parameter]
    490 | Java_com_xff_launch_detector_NativeDetector_checkHiddenMapsSyscall(JNIEnv *env, jobject thiz) {
        |                                                                            ^
  /Volumes/Realtek/project/android/project/launch/app/src/main/cpp/native-lib.cpp:490:89: warning: unused parameter 'thiz' [-Wunused-parameter]
    490 | Java_com_xff_launch_detector_NativeDetector_checkHiddenMapsSyscall(JNIEnv *env, jobject thiz) {
        |                                                                                         ^
  /Volumes/Realtek/project/android/project/launch/app/src/main/cpp/native-lib.cpp:514:78: warning: unused parameter 'env' [-Wunused-parameter]
    514 | Java_com_xff_launch_detector_NativeDetector_checkSuspiciousFdsNative(JNIEnv *env, jobject thiz) {
        |                                                                              ^
  /Volumes/Realtek/project/android/project/launch/app/src/main/cpp/native-lib.cpp:514:91: warning: unused parameter 'thiz' [-Wunused-parameter]
    514 | Java_com_xff_launch_detector_NativeDetector_checkSuspiciousFdsNative(JNIEnv *env, jobject thiz) {
        |                                                                                           ^
  /Volumes/Realtek/project/android/project/launch/app/src/main/cpp/native-lib.cpp:544:79: warning: unused parameter 'env' [-Wunused-parameter]
    544 | Java_com_xff_launch_detector_NativeDetector_checkSuspiciousFdsSyscall(JNIEnv *env, jobject thiz) {
        |                                                                               ^
  /Volumes/Realtek/project/android/project/launch/app/src/main/cpp/native-lib.cpp:544:92: warning: unused parameter 'thiz' [-Wunused-parameter]
    544 | Java_com_xff_launch_detector_NativeDetector_checkSuspiciousFdsSyscall(JNIEnv *env, jobject thiz) {
        |                                                                                            ^
  /Volumes/Realtek/project/android/project/launch/app/src/main/cpp/native-lib.cpp:586:79: warning: unused parameter 'env' [-Wunused-parameter]
    586 | Java_com_xff_launch_detector_NativeDetector_checkMountNamespaceNative(JNIEnv *env, jobject thiz) {
        |                                                                               ^
  /Volumes/Realtek/project/android/project/launch/app/src/main/cpp/native-lib.cpp:586:92: warning: unused parameter 'thiz' [-Wunused-parameter]
    586 | Java_com_xff_launch_detector_NativeDetector_checkMountNamespaceNative(JNIEnv *env, jobject thiz) {
        |                                                                                            ^
  /Volumes/Realtek/project/android/project/launch/app/src/main/cpp/native-lib.cpp:622:80: warning: unused parameter 'env' [-Wunused-parameter]
    622 | Java_com_xff_launch_detector_NativeDetector_checkMountNamespaceSyscall(JNIEnv *env, jobject thiz) {
        |                                                                                ^
  /Volumes/Realtek/project/android/project/launch/app/src/main/cpp/native-lib.cpp:622:93: warning: unused parameter 'thiz' [-Wunused-parameter]
    622 | Java_com_xff_launch_detector_NativeDetector_checkMountNamespaceSyscall(JNIEnv *env, jobject thiz) {
        |                                                                                             ^
  /Volumes/Realtek/project/android/project/launch/app/src/main/cpp/native-lib.cpp:700:1: error: redefinition of 'Java_com_xff_launch_detector_NativeDetector_checkZygiskNative'
    700 | Java_com_xff_launch_detector_NativeDetector_checkZygiskNative(JNIEnv *env, jobject thiz) {
        | ^
  /Volumes/Realtek/project/android/project/launch/app/src/main/cpp/native-lib.cpp:228:1: note: previous definition is here
    228 | Java_com_xff_launch_detector_NativeDetector_checkZygiskNative(JNIEnv *env, jobject thiz) {
        | ^
  /Volumes/Realtek/project/android/project/launch/app/src/main/cpp/native-lib.cpp:720:1: error: redefinition of 'Java_com_xff_launch_detector_NativeDetector_checkZygiskSyscall'
    720 | Java_com_xff_launch_detector_NativeDetector_checkZygiskSyscall(JNIEnv *env, jobject thiz) {
        | ^
  /Volumes/Realtek/project/android/project/launch/app/src/main/cpp/native-lib.cpp:233:1: note: previous definition is here
    233 | Java_com_xff_launch_detector_NativeDetector_checkZygiskSyscall(JNIEnv *env, jobject thiz) {
        | ^
  /Volumes/Realtek/project/android/project/launch/app/src/main/cpp/native-lib.cpp:744:69: warning: unused parameter 'env' [-Wunused-parameter]
    744 | Java_com_xff_launch_detector_NativeDetector_checkRiruNative(JNIEnv *env, jobject thiz) {
        |                                                                     ^
  /Volumes/Realtek/project/android/project/launch/app/src/main/cpp/native-lib.cpp:744:82: warning: unused parameter 'thiz' [-Wunused-parameter]
    744 | Java_com_xff_launch_detector_NativeDetector_checkRiruNative(JNIEnv *env, jobject thiz) {
        |                                                                                  ^
  /Volumes/Realtek/project/android/project/launch/app/src/main/cpp/native-lib.cpp:764:70: warning: unused parameter 'env' [-Wunused-parameter]
    764 | Java_com_xff_launch_detector_NativeDetector_checkRiruSyscall(JNIEnv *env, jobject thiz) {
        |                                                                      ^
  /Volumes/Realtek/project/android/project/launch/app/src/main/cpp/native-lib.cpp:764:83: warning: unused parameter 'thiz' [-Wunused-parameter]
    764 | Java_com_xff_launch_detector_NativeDetector_checkRiruSyscall(JNIEnv *env, jobject thiz) {
        |                                                                                   ^
  /Volumes/Realtek/project/android/project/launch/app/src/main/cpp/native-lib.cpp:782:90: warning: unused parameter 'thiz' [-Wunused-parameter]
    782 | Java_com_xff_launch_detector_NativeDetector_getSELinuxContextNative(JNIEnv *env, jobject thiz) {
        |                                                                                          ^
  /Volumes/Realtek/project/android/project/launch/app/src/main/cpp/native-lib.cpp:792:79: warning: unused parameter 'env' [-Wunused-parameter]
    792 | Java_com_xff_launch_detector_NativeDetector_checkSuspiciousMapsNative(JNIEnv *env, jobject thiz) {
        |                                                                               ^
  /Volumes/Realtek/project/android/project/launch/app/src/main/cpp/native-lib.cpp:792:92: warning: unused parameter 'thiz' [-Wunused-parameter]
    792 | Java_com_xff_launch_detector_NativeDetector_checkSuspiciousMapsNative(JNIEnv *env, jobject thiz) {
        |                                                                                            ^
  /Volumes/Realtek/project/android/project/launch/app/src/main/cpp/native-lib.cpp:799:80: warning: unused parameter 'env' [-Wunused-parameter]
    799 | Java_com_xff_launch_detector_NativeDetector_checkSuspiciousMapsSyscall(JNIEnv *env, jobject thiz) {
        |                                                                                ^
  /Volumes/Realtek/project/android/project/launch/app/src/main/cpp/native-lib.cpp:799:93: warning: unused parameter 'thiz' [-Wunused-parameter]
    799 | Java_com_xff_launch_detector_NativeDetector_checkSuspiciousMapsSyscall(JNIEnv *env, jobject thiz) {
        |                                                                                             ^
  /Volumes/Realtek/project/android/project/launch/app/src/main/cpp/native-lib.cpp:806:75: warning: unused parameter 'env' [-Wunused-parameter]
    806 | Java_com_xff_launch_detector_NativeDetector_checkAppProcessNative(JNIEnv *env, jobject thiz) {
        |                                                                           ^
  /Volumes/Realtek/project/android/project/launch/app/src/main/cpp/native-lib.cpp:806:88: warning: unused parameter 'thiz' [-Wunused-parameter]
    806 | Java_com_xff_launch_detector_NativeDetector_checkAppProcessNative(JNIEnv *env, jobject thiz) {
        |                                                                                        ^
  /Volumes/Realtek/project/android/project/launch/app/src/main/cpp/native-lib.cpp:862:76: warning: unused parameter 'env' [-Wunused-parameter]
    862 | Java_com_xff_launch_detector_NativeDetector_checkAppProcessSyscall(JNIEnv *env, jobject thiz) {
        |                                                                            ^
  /Volumes/Realtek/project/android/project/launch/app/src/main/cpp/native-lib.cpp:862:89: warning: unused parameter 'thiz' [-Wunused-parameter]
    862 | Java_com_xff_launch_detector_NativeDetector_checkAppProcessSyscall(JNIEnv *env, jobject thiz) {
        |                                                                                         ^
  /Volumes/Realtek/project/android/project/launch/app/src/main/cpp/native-lib.cpp:912:92: warning: unused parameter 'thiz' [-Wunused-parameter]
    912 | Java_com_xff_launch_detector_NativeDetector_checkFileIntegritySyscall(JNIEnv *env, jobject thiz, jstring path) {
        |                                                                                            ^
  /Volumes/Realtek/project/android/project/launch/app/src/main/cpp/native-lib.cpp:931:79: warning: unused parameter 'env' [-Wunused-parameter]
    931 | Java_com_xff_launch_detector_NativeDetector_countZygiskModulesSyscall(JNIEnv *env, jobject thiz) {
        |                                                                               ^
  /Volumes/Realtek/project/android/project/launch/app/src/main/cpp/native-lib.cpp:931:92: warning: unused parameter 'thiz' [-Wunused-parameter]
    931 | Java_com_xff_launch_detector_NativeDetector_countZygiskModulesSyscall(JNIEnv *env, jobject thiz) {
        |                                                                                            ^
  /Volumes/Realtek/project/android/project/launch/app/src/main/cpp/native-lib.cpp:967:80: warning: unused parameter 'env' [-Wunused-parameter]
    967 | Java_com_xff_launch_detector_NativeDetector_checkMemoryIntegrityNative(JNIEnv *env, jobject thiz) {
        |                                                                                ^
  /Volumes/Realtek/project/android/project/launch/app/src/main/cpp/native-lib.cpp:967:93: warning: unused parameter 'thiz' [-Wunused-parameter]
    967 | Java_com_xff_launch_detector_NativeDetector_checkMemoryIntegrityNative(JNIEnv *env, jobject thiz) {
        |                                                                                             ^
  /Volumes/Realtek/project/android/project/launch/app/src/main/cpp/native-lib.cpp:986:81: warning: unused parameter 'env' [-Wunused-parameter]
    986 | Java_com_xff_launch_detector_NativeDetector_checkMemoryIntegritySyscall(JNIEnv *env, jobject thiz) {
        |                                                                                 ^
  /Volumes/Realtek/project/android/project/launch/app/src/main/cpp/native-lib.cpp:986:94: warning: unused parameter 'thiz' [-Wunused-parameter]
    986 | Java_com_xff_launch_detector_NativeDetector_checkMemoryIntegritySyscall(JNIEnv *env, jobject thiz) {
        |                                                                                              ^
  /Volumes/Realtek/project/android/project/launch/app/src/main/cpp/native-lib.cpp:1000:77: warning: unused parameter 'env' [-Wunused-parameter]
   1000 | Java_com_xff_launch_detector_NativeDetector_checkInlineHooksSyscall(JNIEnv *env, jobject thiz) {
        |                                                                             ^
  /Volumes/Realtek/project/android/project/launch/app/src/main/cpp/native-lib.cpp:1000:90: warning: unused parameter 'thiz' [-Wunused-parameter]
   1000 | Java_com_xff_launch_detector_NativeDetector_checkInlineHooksSyscall(JNIEnv *env, jobject thiz) {
        |                                                                                          ^
  /Volumes/Realtek/project/android/project/launch/app/src/main/cpp/native-lib.cpp:1048:86: warning: unused parameter 'env' [-Wunused-parameter]
   1048 | Java_com_xff_launch_detector_NativeDetector_checkSuspiciousAnonMemorySyscall(JNIEnv *env, jobject thiz) {
        |                                                                                      ^
  /Volumes/Realtek/project/android/project/launch/app/src/main/cpp/native-lib.cpp:1048:99: warning: unused parameter 'thiz' [-Wunused-parameter]
   1048 | Java_com_xff_launch_detector_NativeDetector_checkSuspiciousAnonMemorySyscall(JNIEnv *env, jobject thiz) {
        |                                                                                                   ^
  /Volumes/Realtek/project/android/project/launch/app/src/main/cpp/native-lib.cpp:1090:75: warning: unused parameter 'env' [-Wunused-parameter]
   1090 | Java_com_xff_launch_detector_NativeDetector_checkLibcHooksSyscall(JNIEnv *env, jobject thiz) {
        |                                                                           ^
  /Volumes/Realtek/project/android/project/launch/app/src/main/cpp/native-lib.cpp:1090:88: warning: unused parameter 'thiz' [-Wunused-parameter]
   1090 | Java_com_xff_launch_detector_NativeDetector_checkLibcHooksSyscall(JNIEnv *env, jobject thiz) {
        |                                                                                        ^
  /Volumes/Realtek/project/android/project/launch/app/src/main/cpp/native-lib.cpp:1116:74: warning: unused parameter 'env' [-Wunused-parameter]
   1116 | Java_com_xff_launch_detector_NativeDetector_checkArtHooksSyscall(JNIEnv *env, jobject thiz) {
        |                                                                          ^
  /Volumes/Realtek/project/android/project/launch/app/src/main/cpp/native-lib.cpp:1116:87: warning: unused parameter 'thiz' [-Wunused-parameter]
   1116 | Java_com_xff_launch_detector_NativeDetector_checkArtHooksSyscall(JNIEnv *env, jobject thiz) {
        |                                                                                       ^
  /Volumes/Realtek/project/android/project/launch/app/src/main/cpp/native-lib.cpp:1134:77: warning: unused parameter 'env' [-Wunused-parameter]
   1134 | Java_com_xff_launch_detector_NativeDetector_checkLibraryHooksNative(JNIEnv *env, jobject thiz) {
        |                                                                             ^
  /Volumes/Realtek/project/android/project/launch/app/src/main/cpp/native-lib.cpp:1134:90: warning: unused parameter 'thiz' [-Wunused-parameter]
   1134 | Java_com_xff_launch_detector_NativeDetector_checkLibraryHooksNative(JNIEnv *env, jobject thiz) {
        |                                                                                          ^
  /Volumes/Realtek/project/android/project/launch/app/src/main/cpp/native-lib.cpp:1220:77: warning: unused parameter 'env' [-Wunused-parameter]
   1220 | Java_com_xff_launch_detector_NativeDetector_checkZygoteParentNative(JNIEnv *env, jobject thiz) {
        |                                                                             ^
  /Volumes/Realtek/project/android/project/launch/app/src/main/cpp/native-lib.cpp:1220:90: warning: unused parameter 'thiz' [-Wunused-parameter]
   1220 | Java_com_xff_launch_detector_NativeDetector_checkZygoteParentNative(JNIEnv *env, jobject thiz) {
        |                                                                                          ^
  /Volumes/Realtek/project/android/project/launch/app/src/main/cpp/native-lib.cpp:1238:80: warning: unused parameter 'thiz' [-Wunused-parameter]
   1238 | Java_com_xff_launch_detector_NativeDetector_getZygoteInfo(JNIEnv *env, jobject thiz) {
        |                                                                                ^
  /Volumes/Realtek/project/android/project/launch/app/src/main/cpp/native-lib.cpp:1260:77: warning: unused parameter 'env' [-Wunused-parameter]
   1260 | Java_com_xff_launch_detector_NativeDetector_countAnonymousRwxMemory(JNIEnv *env, jobject thiz) {
        |                                                                             ^
  /Volumes/Realtek/project/android/project/launch/app/src/main/cpp/native-lib.cpp:1260:90: warning: unused parameter 'thiz' [-Wunused-parameter]
   1260 | Java_com_xff_launch_detector_NativeDetector_countAnonymousRwxMemory(JNIEnv *env, jobject thiz) {
        |                                                                                          ^
  /Volumes/Realtek/project/android/project/launch/app/src/main/cpp/native-lib.cpp:1323:89: warning: unused parameter 'thiz' [-Wunused-parameter]
   1323 | Java_com_xff_launch_detector_NativeDetector_getAnonymousRwxDetails(JNIEnv *env, jobject thiz) {
        |                                                                                         ^
  /Volumes/Realtek/project/android/project/launch/app/src/main/cpp/native-lib.cpp:1373:76: warning: unused parameter 'env' [-Wunused-parameter]
   1373 | Java_com_xff_launch_detector_NativeDetector_benchmarkSyscallOpenat(JNIEnv *env, jobject thiz, jint iterations) {
        |                                                                            ^
  /Volumes/Realtek/project/android/project/launch/app/src/main/cpp/native-lib.cpp:1373:89: warning: unused parameter 'thiz' [-Wunused-parameter]
   1373 | Java_com_xff_launch_detector_NativeDetector_benchmarkSyscallOpenat(JNIEnv *env, jobject thiz, jint iterations) {
        |                                                                                         ^
  /Volumes/Realtek/project/android/project/launch/app/src/main/cpp/native-lib.cpp:1381:73: warning: unused parameter 'env' [-Wunused-parameter]
   1381 | Java_com_xff_launch_detector_NativeDetector_benchmarkLibcOpenat(JNIEnv *env, jobject thiz, jint iterations) {
        |                                                                         ^
  /Volumes/Realtek/project/android/project/launch/app/src/main/cpp/native-lib.cpp:1381:86: warning: unused parameter 'thiz' [-Wunused-parameter]
   1381 | Java_com_xff_launch_detector_NativeDetector_benchmarkLibcOpenat(JNIEnv *env, jobject thiz, jint iterations) {
        |                                                                                      ^
  /Volumes/Realtek/project/android/project/launch/app/src/main/cpp/native-lib.cpp:1389:76: warning: unused parameter 'env' [-Wunused-parameter]
   1389 | Java_com_xff_launch_detector_NativeDetector_benchmarkSyscallAccess(JNIEnv *env, jobject thiz, jint iterations) {
        |                                                                            ^
  /Volumes/Realtek/project/android/project/launch/app/src/main/cpp/native-lib.cpp:1389:89: warning: unused parameter 'thiz' [-Wunused-parameter]
   1389 | Java_com_xff_launch_detector_NativeDetector_benchmarkSyscallAccess(JNIEnv *env, jobject thiz, jint iterations) {
        |                                                                                         ^
  /Volumes/Realtek/project/android/project/launch/app/src/main/cpp/native-lib.cpp:1397:73: warning: unused parameter 'env' [-Wunused-parameter]
   1397 | Java_com_xff_launch_detector_NativeDetector_benchmarkLibcAccess(JNIEnv *env, jobject thiz, jint iterations) {
        |                                                                         ^
  /Volumes/Realtek/project/android/project/launch/app/src/main/cpp/native-lib.cpp:1397:86: warning: unused parameter 'thiz' [-Wunused-parameter]
   1397 | Java_com_xff_launch_detector_NativeDetector_benchmarkLibcAccess(JNIEnv *env, jobject thiz, jint iterations) {
        |                                                                                      ^
  /Volumes/Realtek/project/android/project/launch/app/src/main/cpp/native-lib.cpp:1405:74: warning: unused parameter 'env' [-Wunused-parameter]
   1405 | Java_com_xff_launch_detector_NativeDetector_benchmarkSyscallStat(JNIEnv *env, jobject thiz, jint iterations) {
        |                                                                          ^
  /Volumes/Realtek/project/android/project/launch/app/src/main/cpp/native-lib.cpp:1405:87: warning: unused parameter 'thiz' [-Wunused-parameter]
   1405 | Java_com_xff_launch_detector_NativeDetector_benchmarkSyscallStat(JNIEnv *env, jobject thiz, jint iterations) {
        |                                                                                       ^
  /Volumes/Realtek/project/android/project/launch/app/src/main/cpp/native-lib.cpp:1413:71: warning: unused parameter 'env' [-Wunused-parameter]
   1413 | Java_com_xff_launch_detector_NativeDetector_benchmarkLibcStat(JNIEnv *env, jobject thiz, jint iterations) {
        |                                                                       ^
  /Volumes/Realtek/project/android/project/launch/app/src/main/cpp/native-lib.cpp:1413:84: warning: unused parameter 'thiz' [-Wunused-parameter]
   1413 | Java_com_xff_launch_detector_NativeDetector_benchmarkLibcStat(JNIEnv *env, jobject thiz, jint iterations) {
        |                                                                                    ^
  /Volumes/Realtek/project/android/project/launch/app/src/main/cpp/native-lib.cpp:1425:73: warning: unused parameter 'env' [-Wunused-parameter]
   1425 | Java_com_xff_launch_detector_NativeDetector_detectTimingAnomaly(JNIEnv *env, jobject thiz,
        |                                                                         ^
  /Volumes/Realtek/project/android/project/launch/app/src/main/cpp/native-lib.cpp:1425:86: warning: unused parameter 'thiz' [-Wunused-parameter]
   1425 | Java_com_xff_launch_detector_NativeDetector_detectTimingAnomaly(JNIEnv *env, jobject thiz,
        |                                                                                      ^
  /Volumes/Realtek/project/android/project/launch/app/src/main/cpp/native-lib.cpp:1434:84: warning: unused parameter 'thiz' [-Wunused-parameter]
   1434 | Java_com_xff_launch_detector_NativeDetector_getSystemProperty(JNIEnv *env, jobject thiz, jstring key) {
        |                                                                                    ^
  /Volumes/Realtek/project/android/project/launch/app/src/main/cpp/native-lib.cpp:1447:89: warning: unused parameter 'thiz' [-Wunused-parameter]
   1447 | Java_com_xff_launch_detector_NativeDetector_getBuildPropertyNative(JNIEnv *env, jobject thiz, jstring propName) {
        |                                                                                         ^
  /Volumes/Realtek/project/android/project/launch/app/src/main/cpp/native-lib.cpp:1458:90: warning: unused parameter 'thiz' [-Wunused-parameter]
   1458 | Java_com_xff_launch_detector_NativeDetector_getBuildPropertySyscall(JNIEnv *env, jobject thiz, jstring propName) {
        |                                                                                          ^
  /Volumes/Realtek/project/android/project/launch/app/src/main/cpp/native-lib.cpp:1553:81: warning: unused parameter 'thiz' [-Wunused-parameter]
   1553 | Java_com_xff_launch_detector_NativeDetector_readKernelFile(JNIEnv *env, jobject thiz, jstring path) {
        |                                                                                 ^
  /Volumes/Realtek/project/android/project/launch/app/src/main/cpp/native-lib.cpp:1561:79: warning: unused parameter 'thiz' [-Wunused-parameter]
   1561 | Java_com_xff_launch_detector_NativeDetector_getCpuSerial(JNIEnv *env, jobject thiz) {
        |                                                                               ^
  /Volumes/Realtek/project/android/project/launch/app/src/main/cpp/native-lib.cpp:1568:86: warning: unused parameter 'thiz' [-Wunused-parameter]
   1568 | Java_com_xff_launch_detector_NativeDetector_getCpuSerialSyscall(JNIEnv *env, jobject thiz) {
        |                                                                                      ^
  /Volumes/Realtek/project/android/project/launch/app/src/main/cpp/native-lib.cpp:1575:81: warning: unused parameter 'thiz' [-Wunused-parameter]
   1575 | Java_com_xff_launch_detector_NativeDetector_getCpuHardware(JNIEnv *env, jobject thiz) {
        |                                                                                 ^
  /Volumes/Realtek/project/android/project/launch/app/src/main/cpp/native-lib.cpp:1582:88: warning: unused parameter 'thiz' [-Wunused-parameter]
   1582 | Java_com_xff_launch_detector_NativeDetector_getCpuHardwareSyscall(JNIEnv *env, jobject thiz) {
        |                                                                                        ^
  /Volumes/Realtek/project/android/project/launch/app/src/main/cpp/native-lib.cpp:1589:79: warning: unused parameter 'thiz' [-Wunused-parameter]
   1589 | Java_com_xff_launch_detector_NativeDetector_getBootParam(JNIEnv *env, jobject thiz, jstring paramName) {
        |                                                                               ^
  /Volumes/Realtek/project/android/project/launch/app/src/main/cpp/native-lib.cpp:1598:86: warning: unused parameter 'thiz' [-Wunused-parameter]
   1598 | Java_com_xff_launch_detector_NativeDetector_getBootParamSyscall(JNIEnv *env, jobject thiz, jstring paramName) {
        |                                                                                      ^
  /Volumes/Realtek/project/android/project/launch/app/src/main/cpp/native-lib.cpp:1609:72: warning: unused parameter 'env' [-Wunused-parameter]
   1609 | Java_com_xff_launch_detector_NativeDetector_checkLibcIntegrity(JNIEnv *env, jobject thiz) {
        |                                                                        ^
  /Volumes/Realtek/project/android/project/launch/app/src/main/cpp/native-lib.cpp:1609:85: warning: unused parameter 'thiz' [-Wunused-parameter]
   1609 | Java_com_xff_launch_detector_NativeDetector_checkLibcIntegrity(JNIEnv *env, jobject thiz) {
        |                                                                                     ^
  /Volumes/Realtek/project/android/project/launch/app/src/main/cpp/native-lib.cpp:1614:74: warning: unused parameter 'env' [-Wunused-parameter]
   1614 | Java_com_xff_launch_detector_NativeDetector_checkLibartIntegrity(JNIEnv *env, jobject thiz) {
        |                                                                          ^
  /Volumes/Realtek/project/android/project/launch/app/src/main/cpp/native-lib.cpp:1614:87: warning: unused parameter 'thiz' [-Wunused-parameter]
   1614 | Java_com_xff_launch_detector_NativeDetector_checkLibartIntegrity(JNIEnv *env, jobject thiz) {
        |                                                                                       ^
  /Volumes/Realtek/project/android/project/launch/app/src/main/cpp/native-lib.cpp:1619:82: warning: unused parameter 'env' [-Wunused-parameter]
   1619 | Java_com_xff_launch_detector_NativeDetector_checkAndroidRuntimeIntegrity(JNIEnv *env, jobject thiz) {
        |                                                                                  ^
  /Volumes/Realtek/project/android/project/launch/app/src/main/cpp/native-lib.cpp:1619:95: warning: unused parameter 'thiz' [-Wunused-parameter]
   1619 | Java_com_xff_launch_detector_NativeDetector_checkAndroidRuntimeIntegrity(JNIEnv *env, jobject thiz) {
        |                                                                                               ^
  /Volumes/Realtek/project/android/project/launch/app/src/main/cpp/native-lib.cpp:1624:99: warning: unused parameter 'thiz' [-Wunused-parameter]
   1624 | Java_com_xff_launch_detector_NativeDetector_checkAllSystemLibrariesIntegrity(JNIEnv *env, jobject thiz) {
        |                                                                                                   ^
  /Volumes/Realtek/project/android/project/launch/app/src/main/cpp/native-lib.cpp:1630:88: warning: unused parameter 'thiz' [-Wunused-parameter]
   1630 | Java_com_xff_launch_detector_NativeDetector_checkLibraryIntegrity(JNIEnv *env, jobject thiz, jstring libName) {
        |                                                                                        ^
  /Volumes/Realtek/project/android/project/launch/app/src/main/cpp/native-lib.cpp:1638:84: warning: unused parameter 'thiz' [-Wunused-parameter]
   1638 | Java_com_xff_launch_detector_NativeDetector_checkFunctionHook(JNIEnv *env, jobject thiz,
        |                                                                                    ^
  /Volumes/Realtek/project/android/project/launch/app/src/main/cpp/native-lib.cpp:1651:69: warning: unused parameter 'thiz' [-Wunused-parameter]
   1651 | Java_com_xff_launch_MainActivity_stringFromJNI(JNIEnv *env, jobject thiz) {
        |                                                                     ^
  173 warnings and 2 errors generated.
  [2/7] Building CXX object CMakeFiles/launch.dir/detector/debug_detector.cpp.o
  [3/7] Building CXX object CMakeFiles/launch.dir/detector/emulator_detector.cpp.o
  [4/7] Building CXX object CMakeFiles/launch.dir/detector/integrity_detector.cpp.o
  /Volumes/Realtek/project/android/project/launch/app/src/main/cpp/detector/integrity_detector.cpp:318:12: warning: unused variable 'samples_to_check' [-Wunused-variable]
    318 |     size_t samples_to_check = std::min(text_size, SAMPLE_SIZE * 2);
        |            ^~~~~~~~~~~~~~~~
  /Volumes/Realtek/project/android/project/launch/app/src/main/cpp/detector/integrity_detector.cpp:599:61: warning: unused parameter 'lib_name' [-Wunused-parameter]
    599 | bool IntegrityDetector::checkPltGotHooks(const std::string& lib_name) {
        |                                                             ^
  2 warnings generated.
  [5/7] Building CXX object CMakeFiles/launch.dir/detector/root_detector.cpp.o
  [6/7] Building CXX object CMakeFiles/launch.dir/detector/hook_detector.cpp.o
  ninja: build stopped: subcommand failed.
  
  C++ build system [build] failed while executing:
      /Users/xiaofengfeng/Library/Android/sdk/cmake/3.22.1/bin/ninja \
        -C \
        /Volumes/Realtek/project/android/project/launch/app/.cxx/Debug/3g135d5g/arm64-v8a \
        launch
    from /Volumes/Realtek/project/android/project/launch/app

* Try:
> Run with --stacktrace option to get the stack trace.
> Run with --info or --debug option to get more log output.
> Run with --scan to get full insights.
> Get more help at https://help.gradle.org.

Deprecated Gradle features were used in this build, making it incompatible with Gradle 9.0.

You can use '--warning-mode all' to show the individual deprecation warnings and determine if they come from your own scripts or plugins.

For more on this, please refer to https://docs.gradle.org/8.13/userguide/command_line_interface.html#sec:command_line_warnings in the Gradle documentation.

BUILD FAILED in 2s
27 actionable tasks: 27 executed
